source_file	status	corbo_destination	scope	note
aijedoge.txt	imported_staging	CorBo_vNext/texts/archive-additions/archive_additions_editorial.tsv	all	Imported as AIJ editorial units; source text preserved.
barujauwo.txt	imported_staging	CorBo_vNext/texts/archive-additions/archive_additions_editorial.tsv	all	Imported as BARU editorial units; source text preserved.
primeirasAndanca.txt	imported_staging	CorBo_vNext/texts/archive-additions/archive_additions_editorial.tsv	all	Imported as PAND editorial units; documented source-number anomaly 10→0 preserved in editorial note.
gemeosBakororodoge.txt	imported_staging	CorBo_vNext/texts/archive-additions/archive_additions_editorial.tsv	all	Imported as GBAK editorial units; documented source-number anomaly 10→9 preserved in editorial note.
butoriku.txt	partial_import_staging	CorBo_vNext/texts/archive-additions/archive_additions_editorial.tsv	units 1-30	Parijura/Butoriku narrative imported as BUT; unit 18 translation is numbered 19 in source. Unit 31 onward overlaps Primeiras Andanças and is not re-imported.
PemoBaraedugume.txt	imported_staging	CorBo_vNext/texts/pemo-baraedugume/pemo_baraedugume_editorial.tsv	all	Imported as PB documentary/editorial units.
PemoCoqueiro.txt	imported_staging	CorBo_vNext/texts/pemo-coqueiro/pemo_coqueiro_editorial.tsv	all	Imported as documentary/editorial units; automatic alignment restricted to adjacent matching source numbers.
facanhaBakororogode.txt	parallel_witness	CorBo_vNext/texts/historia-mitica/archive_parallel_witnesses.tsv	all	Human collation completed in archive_parallel_witnesses.tsv; independent units may enter the public corpus according to collation_status, while confirmed correspondences are excluded.
bakororodoge.txt	parallel_witness	CorBo_vNext/texts/historia-mitica/archive_parallel_witnesses.tsv	all	Human collation completed in archive_parallel_witnesses.tsv; unit-level decisions distinguish independent material from documentary correspondences.
aroeeceba.txt	parallel_witness	CorBo_vNext/texts/historia-mitica/archive_parallel_witnesses.tsv	all	Human collation completed; Kamarari/Aroeceba opening material is preserved as independent where no unit-level equivalent was identified, with confirmed correspondences excluded.
aruaBororo.txt	parallel_witness	CorBo_vNext/texts/historia-mitica/archive_parallel_witnesses.tsv	all	Human collation completed; independent and formulaic-parallel units are distinguished from confirmed correspondence.
aruaBororoII.txt	parallel_witness	CorBo_vNext/texts/historia-mitica/archive_parallel_witnesses.tsv	all	Human collation completed; independent and formulaic-parallel units are distinguished from confirmed correspondence.
AijeFuneral.txt	parallel_witness	CorBo_vNext/texts/bakarudoge/bakarudoge_documentary.tsv	all	Aije Funeral already represented in Bakarudoge documentary material; retain for collation.
ipareEwororo.txt	parallel_witness	CorBo_vNext/texts/historia-mitica/archive_parallel_witnesses.tsv	all	Human collation completed; independent and formulaic-parallel units are retained with explicit status.
jakomeaJiwu.txt	parallel_witness	CorBo_vNext/texts/historia-mitica/archive_parallel_witnesses.tsv	all	Human collation completed; 52 confirmed correspondences are excluded from duplicate publication and remaining units retain explicit collation status.
ciriloDiscurso.txt	parallel_witness	CorBo_vNext/texts/historia-mitica/archive_parallel_witnesses.tsv	all	Human collation completed for CIR.002–010; CIR.001 remains unresolved because the current source layout does not provide a securely aligned Bororo/Portuguese pair.
bbbbbbbbbbbb.txt	duplicate	ciriloDiscurso.txt	all	Essentially duplicate of ciriloDiscurso.txt; do not import independently.
Jaki_e_jure.txt	compilation	multiple existing witnesses	all	Large compilation overlapping component myths; preserve as documentary master/witness, do not import wholesale.
