id	name	description
BOR-CORBO-ETN-0001	Nanai / morogoreu	Boere nowu tudu beredo, boewo reko tuwiri koridodu ure tubegadoduji
BOR-CORBO-ETN-0002	Bokogoreu / jokukuie	Ere kurodu kowuje, ere kurudo tugeje tuguduwo če
BOR-CORBO-ETN-0003	Pariwa	Boe mode iwoi tawuje, tugera magaduwo ia boe ero tabo (turo monogodae, boe ero boe ego biadodu)
BOR-CORBO-ETN-0004	Póra	Nowu aru kuru remaure, boere ake epado ema, Mare ime emaragadae. (Aroe erubo)
BOR-CORBO-ETN-0005	Akigoamekureu	Boere a čodo kidoguru tabo, dure boere reko tuwia paruji tumeadae pemegawo boe ero jamedu boeji
BOR-CORBO-ETN-0006	Akigoreu	Boere boe jodo ukwa keje dure boere berego, tuguri kori epado ema, tuwiri kigori jamedu
BOR-CORBO-ETN-0007	Mekodo pareu	Boere ika, kamoreu, ira, bai ipodo nowu i tabo
BOR-CORBO-ETN-0008	Batorareu diorubo	Boere nowu i rugudu reko boetore enogwaji ere tugu tuiagibe ro pega kawo ei. Boere reko aredu kuiarureudo kuriji onoragedu areduwo ema
BOR-CORBO-ETN-0009	Óko	Boere nowu i biri kuru epado boe ekuri kori boe ewijia kori epado ema jamedu
BOR-CORBO-ETN-0010	Akiri kigado	Boe erigire ema, boe ewai ipore ema. Boere aroia kabidodu epa towuje nowu urugudu tabo, nowu jorubo kudu pemegare boe ewaboji
BOR-CORBO-ETN-0011	Akiri	Boere paro ipo, bai ipodo ema, boe erigire ema jamedu a rogure boere tugujedo ema. Boere nowu i toguru ta dure boere berego boe ekojari epače
BOR-CORBO-ETN-0012	Managuruí / mana-gurureu	Boere bai ipodo ema
BOR-CORBO-ETN-0013	boe bokware	Kuru remaure boere mado ia tugorirebeji ia tugugodaeji, ake epare ema jamedu, Boere kuru berego tuguduwo če boe etoriwudu, boe ekuiboka, boe ataga kori pegareuji
BOR-CORBO-ETN-0014	Burudúi	Boere bai ipodo ema. Boere baigado, kaiborido, aragodo ema Jamedu. Boere biri mugudo nowu bekuru remawu bogai t
BOR-CORBO-ETN-0015	Bacetaojiakirireu	Boere aru berego boe ekojari, ake epače
BOR-CORBO-ETN-0016	Iwararagareu	Kodure boere kowuje. Aru berego kuru pemegare boe etoriwudu koriji
BOR-CORBO-ETN-0017	Paragóreu	Boere kodu kowuje
BOR-CORBO-ETN-0018	Bó	Boere a gori kowuje. Boere ikado tabo, bai aodo ema jamedu
BOR-CORBO-ETN-0019	Boe eto pagodae	Boere Tuiokú kori epado nowu raru kuruče. Boere toedo aru keje tuwo kuru remo turuwo koriji. Boere aru berego Boe ewiri uru, boe ekojari epare ema jamedu. Boere taimó nowu kuru tabo tuwiri kigori pegareuji
BOR-CORBO-ETN-0020	Noido	Boere nowu no kududo dure boere kugudo, noa a boere kowuje itoia jamedu, Boe ero makare nowu ai tabo: kodo, kodorabo, parikibotó. Boere nowu ai bu tuwai aoji, tuwai paruji. Boe enogwagere noa a ji, itoiaji barae ekogodae anemia ji. Nowu no kudu pemegare barae egore
BOR-CORBO-ETN-0021	Akudo (palmeira) / ako (fruta grande)	Ere baigado itoče, iage ere bai towuge tabo. Ere pemegado tugeje ia boe ero boekege. Ere kugudo, kowu (mugudo / berego), buturedu dure ere kowuge. Ere a kowuge, ere kududo dure ere tugu juto
BOR-CORBO-ETN-0022	Akudo (palmeira) / kuimare (pequeno)	Ere baigado itoče, iage ere bai towuge tabo. Ere pemegado tugeje ia boe ero boekege. Ere kugudo, kowu (mugudo / berego), buturedu dure ere kowuge. Ere a kowuge, ere kududo dure ere tugu juto
BOR-CORBO-ETN-0023	Apegire (fruto) / apido (planta)	Nowu a botugodu kuru re ere tuioku kori. epado ema, boe tore eia ekeru peča epado ema. Emode nowu buturedu kowuge, ere mugudo, kowu jamedu. Ere kududo, kugudo, torudo, iworo kurudo ema (ia boe ero boe keje ekudumo če. Emode nowu apidoia kowuje nowu ai ere kodarabodo ema, parikiboto, kodo, baku, Emode ai bu tuwai aoji paruji
BOR-CORBO-ETN-0024	Baiogo	Ere meririku ipodo ema, bai ipogurure ema (bai ipo boiadadawu)
BOR-CORBO-ETN-0025	Poro Ekareu	Eré kurudo rogu kowuje
BOR-CORBO-ETN-0026	Betaga Erubo	Ere biri berego nowu kuru ere redo ariato tuwo tumugudo tada, areme ekogodae pegareu epače, I biri kuru čere ekudumode emode reko tuwiri kuroduji bituwo
BOR-CORBO-ETN-0027	Betagaikonogo / Betaga Biri Kororogo-dureu	Ere biri berego dure pemegare boe ečebae boeji
BOR-CORBO-ETN-0028	Miaçereu Erubo	Ukwa boe ere beredo du čere boe etore ekudure boe pegareuji
BOR-CORBO-ETN-0029	Parori	Ere a kowu dure ere kowuje, ere a kududo, nowu tudu boere kurudo. Nowu i ere naiado ema bai ipogurure ema. Nowu biri pemegare moče epače. Ere biri tugu poboto dure ere tugu ia poari boeto tuguduwo če dure erubore ema awu boe ewiri ekogodae pega boeji, boe ekuiboka kori, boe epegaguru, boe ekuri kori. Nowu biri kuru pemegare boe ekojari, awagu mode toedo epare ema jamedu, boe toriwudo kori, boe ewureado kori pegare epa rema jamedu, umode tigera bararedo boe erageduwo
BOR-CORBO-ETN-0030	Jekojagureu (Tadarimana) / Je Kwugegureu Erubo (Piebaga)	Ere kagu pobo okodo kao dure ere reko pudui togorireu boeji, etogorire jiu boeji, ewiri kigori pegareu, pemegare mokui ao doge eto oia kigori ji, boe ewiri kigori pegareu epare ema jamedu. Ukwa ere berego tugudu kuruče awu boe ekogodaeji: boe ewiri uru, boe ečebae ure tadudu-dodu, barogo peguru epa, boe pegaguru ku, barae kogodae pegareu jeture-boeidu
BOR-CORBO-ETN-0031	Pagadi Ikuredo	Nowu ukwa kuru pe re pemegare barogo peguruji
BOR-CORBO-ETN-0032	Jekojagureu (Tadarimana) / Je Kwugegureu Erubo (Piebaga)	Ere mugudo, kowu tuwo kowuje
BOR-CORBO-ETN-0033	Okó	Ere ukwa kowu dure ere čodo boei, boere ia tubagudure čeboe kowuje dukeje
BOR-CORBO-ETN-0034	Kíe eké aru xáru / Kie erubo	Ere biri berego nowu kuru pemegare boe epegaguru, boe epegaguru kuji. Nowu biri kobo, boe erubore ema tuwaidigiriwo karei
BOR-CORBO-ETN-0035	Tugoriréu Bokujíwu	Aru boere reko aroe ewiriji, aroe akedu mariguwo
BOR-CORBO-ETN-0036	Kogue Eibarararéu	Ere ai, ukwa berego tuguduwo kuruce, boe emokowudo epa
BOR-CORBO-ETN-0037	Bekorurebe / Bekuru-rebe	Tudu ere kududo, ere kuru pagodudo, betureboedo ema ere kurudo. Ere itaguru tawuje tuwo baiga ikudo, nowu ai bai awujiwure ema, ere torodo ema, tureruwo tabo
BOR-CORBO-ETN-0038	Marido (árvore) / Mano (fruto)	Ere tuwaigado itoče, boe ekuierе nowu itaguruče, boere kodo towuje ai tabo oro tabo
BOR-CORBO-ETN-0039	Tugogo	Erubore ema tubegagurugi. Rore pai-pai jewuge boere ekuiedo ema
BOR-CORBO-ETN-0040	Butobo	Emode akodo turagodukeje. Boe ewabore ema turagoduwo tabo, boewo pobo reko tabo
BOR-CORBO-ETN-0041	Aroe ekuie poari	Bai ipoguru boiadodawure ema
BOR-CORBO-ETN-0042	Kiogorogo Ojorube	Boe emode etaimo nowu iwara kuruče ukwa kuruče boe ewiri uru epa nure ema, barae ekogodae pegareu epa nure ema jamedu (dengue, doença de chagas, malária, gastrite, e tosse) boe ekojari. Aru kuru boe eiogore pudui barae ekogodae pegareuji (hepatite) boe etore ewudu beregadugodu epa nure ema jamedu
BOR-CORBO-ETN-0043	Ikuredu Bakarogo Ekure	Boe ere nowu ukwa kowu ureduduji kodi boe eiogi boe etaora koriji nowu kudu rogu boe eiogore pudui boe eia pegaji boe eia kuroduji. Boe ere nowu jorubo ukwa kurudo duji re boe enogwagere boe enoroja pegaji
BOR-CORBO-ETN-0044	Gerigige Etore Erubo	Boe ere mano tawuje aroe padui baiadada dukeje ere aroedo ture remagu pui jamedu mano tabo
BOR-CORBO-ETN-0045	Mano	Boe emode kurodu kowuje boe ere kurudo jamedu. Boe ere nowu i biri kururu boe ekudure če boe ewiri uruji boe ekuri koriji. Nowu biri pemegado tuwo boe ere tugowudu bitudo a pemegare tuwo boe ekuri butudo
BOR-CORBO-ETN-0046	Jatugo	Boe ere kurodu kowuje, boe ere kurudo, barae ere juko etaregareudo ema, iwara jore towu pobo betu rirewu rogu, barae ere betureboe bekurudu tabo. Boe ere nowu a gori kowuje. Boe emode nowu kočo araka bu tu (goiaba) kigadureu i biri keje boe ere beredo pemegare boe epegaguruji. Nowu ukwa boe eiogore pudui ečewu barae egore tori meture boe etadaduji (pedra na vesícula), ečewu barae ekogodae iere (diabete e colesterol alto) epa nure ema jamedu. Boe ere beredo du boe ekudure če to kori epače pemegare tuwo boe etodo kabi jamedu (depurativo)
BOR-CORBO-ETN-0047	Kočo	Boe ere tugera pemegado etaimoda jurubo kuruče du boe ere kurireboe etaimo če ewudugugoduwo boe etore jokuru kurireu jamedu
BOR-CORBO-ETN-0048	Piekiegue Taroreu	Boe emode tumikado i če tuwai ipodo ema jamedu. Boe ere i biri beredo tugojari epače nowu biri boe epegaguru epače
BOR-CORBO-ETN-0049	Kogekureu í	Boe eno ipo bigodu nure ema tumeruwo tumika tabo
BOR-CORBO-ETN-0050	Togoriwo	Boe eiogore pudui nowu iwara ukwa tabo tori meture boe etoriwudo tada duji (pedra nos rins), barae ekogodae iere (vesícula), boe epegaguru, boe eku re kurire boe epiji du, awagu oia pegareu (tétano). Ere taimо nowu aru kuruče, ekera biadodure nowu aru tabo, pegareu monoreu ewo utudo tubiji, ewo barigu tubiji. Ere nowu okora udo turugadu ewo manodo ema (aiagodure ereru mode tabo). Ere nowu tudu kuru, nowu kurodu kuru reko ia boe, awagoe etoegudure jiboei
BOR-CORBO-ETN-0051	Koriu / Koreu / Koriwo	Boe ere aru ukwa beredo boe eiogore pudui tabo akeji, boe ekojari biakure boe eidujii, boe ewiri ureji
BOR-CORBO-ETN-0052	Ipare Pogo Rareu	Boe ere boe jodo i biri keje kodu keje boe eiogore pudui tabo taora koriji tumedugoduji. Kuru pemegare boe eto koriji. Boe ere nowu i biri kurudo du boe eiogore pudui tabo ečewu barae ekogodae pegareu ure tugeragu boe ei boe erare piji duji, Boe erubore tudu roguče bokureboeji
BOR-CORBO-ETN-0053	Tuguje / Oto Raireu / Ruwo Etal Jerareu	Boe ere tubaro ipodo ema boe ere tuwai jurado ema
BOR-CORBO-ETN-0054	Taraí	Boe emaragodure ji boe ero kurireuto bia reuto
BOR-CORBO-ETN-0055	Poari Iwo	Boe ere urugudu rogu reko areme emoguro ji uwo kori akedudo
BOR-CORBO-ETN-0056	Tugumana	Boe ere nowu jorubo kurudo du tabore boe eiogore pudui boe etogorire pudui duji boe edawu korire pudui duji, boe ewogodu boe ewiri kigori ji
BOR-CORBO-ETN-0057	Okuwa Doge Etobu-reu	Boe ere nowu i biri beredo du boe eiogore pudui tuwiri uruji, turuwo koriji, tugojari kuriji, tuwiri pegaji, etore ewudae re kurire pudui duji
BOR-CORBO-ETN-0058	Juria í	Boe ere aru tugu tu tudo tui turemo boeto du oto dai tuwure jo kawo awagu keje
BOR-CORBO-ETN-0059	Ikui	Boe ere aru uredudu kodi bače ei, Ukwa kowu du urugudu rogure boe ere reko pudui uwo boe pegareu ja do boe epiji
BOR-CORBO-ETN-0060	Kigore Doge Erubo / Mace Erubo	Boe ere boe etore etaimo aru kuruče emeru mariguwo. Boe eiogore boe etore ei ukwa tabo ekawo tugeragu boe pegareuji
BOR-CORBO-ETN-0061	Pariki Iogoda Erubo	Boe ere awu ukwa beredo pemegare boe ewareduji
BOR-CORBO-ETN-0062	Bekururebe	Boe ewai ipore ema meriri iku ipore ema jamedu
BOR-CORBO-ETN-0063	Merurireu	Boe ere tumikado i rema, tudaraiga boe ewai ipoguru ure ema jamedu. Boe ere aru araka beredo boe ekuri kori epače du boe ere boe etore etaimo če jamedu eduruwo
BOR-CORBO-ETN-0064	Noakodo í / Rea tareu (tadarimana); Rea doge’etuarareu (Piebaga)	Boe ere aru ukwa bu tu pugeje dure boe ere berego boe eiogore tore ei eto botu mariguwo
BOR-CORBO-ETN-0065	Jugodoge Etore Erubo	Boe ere kurodu mugudo kurudo boe ere kurodu rogu kowuje. Boe ere kuru butudo baito. I biri pemegare boe epegaruruji tuwo boe eragedudo jamedu boe eiogore pudui tabo
BOR-CORBO-ETN-0066	Eka	Ere udo ainono kodudu rerore (rakare kodi durure kodi)
BOR-CORBO-ETN-0067	Mórie Enogwaréu	
BOR-CORBO-ETN-0068	Kaidaga (planta), Kaweredu (coco)	Boe ere kurodu kowuje, iere kaweredo ere nowu enogu kowuje. Ere nowu kaidaga ai oro, ereru tabo (boe itaga, boe jerimaga keje)
BOR-CORBO-ETN-0069	Baria í	Ere tugeragu nowu kaguruji tugojari epače, baere tuwogado, boe ekera, boe ewure bokodure, boe etonaregedo buture maiwu ukunabo bitu mariguwo. Boe ere nowu kaidaga a kuru rogu barigu tuiokuto, taiwo pemegawo, tuiorudu pemegawo
BOR-CORBO-ETN-0070	Kaidaga éku / Kaido	Boe ere tudogarado ema, tudogo epače, paro, kuiara, kaibori, aragodo
BOR-CORBO-ETN-0071	Ira oia kaworureu	Boe ere nowu biaru poporo kurodu ere kurudo tuguduwo če
BOR-CORBO-ETN-0072	Biaru Poroporo	Boe ere kurodu kowuje, boe ekere ema
BOR-CORBO-ETN-0073	Taru	Boe ere nowu kuru bekuru tugu taoto tao kugudugod u wo tao pemegawo
BOR-CORBO-ETN-0074	Bóe Etáo Epá	Boe erubore ema nowu aru, iwara, ukwa ere mugudo joru tada tuguduwo če, uwo tugu pemegado, čigurudu pemegawo boe erubo nure ema
BOR-CORBO-ETN-0075	Koge Erubo	Ere nowu aru tugu taokudawu kuda, iadu ere taimo nowu aru kuruče boe ewudugugoduwo, boekori kawo boe
BOR-CORBO-ETN-0076	Koge etoreu	Ere ikudo toreduwo to barege ebo
BOR-CORBO-ETN-0077	Apidoreu	Ere mugudo tuguduwo če ere berego, nowu aru ere gugudo poboto tuwo taimo tabo. Nowu a ere mugudo joru tada beregoduwo ere epado boe ewiri uru, boe etaora kori
BOR-CORBO-ETN-0078	Rubo Erubo (Piebaga) / Inorubo Erubo	Nowu arú kuru rogu boe ere reko tuwia, togwa poroji bitu mariguwo
BOR-CORBO-ETN-0079	Riwódoe Erúbo	Boe enoroe, boe jerimaga, boe itaga kejere pemegadodure
BOR-CORBO-ETN-0080	Ari	Nowu ukware ere mugudo joru tada ere beredo tuguduwo če ere tugojari epado ema
BOR-CORBO-ETN-0081	Urugo Aru	Nowu aru ere mugudo joru tada ere beredo tuguduwo če ere tugojari epado ema
BOR-CORBO-ETN-0082	Kimao Itura Tadawu	Boe enoroe nure ema mare boe jerimaga, boe itaga kejere boere tugera kiowado ji
BOR-CORBO-ETN-0083	Kodui	Nowu ukware ere mugudo joru tada berego tuguduwo če, ere tuguri kori, tubegaguru, tuguiboka kori epado ema jamedu, uwo tugu pemegado
BOR-CORBO-ETN-0084	Jorubo Aogigirereu	Nowu a rogu kududo reko ia tuwure, tubogora kurodureuji. Nowu ukwa ere mugudo joru tada ere berego tuguduwo če togojari ku epače, ewo tugu pemegado areme etorewudae, boe etore eku epado ema
BOR-CORBO-ETN-0085	boe bokware	Boe ere kurodu kowuje, boe ere kodure maidu tudu kowuje
BOR-CORBO-ETN-0086	Goiaba Umana / Barege Ewirireu / Itura Tadauru	Boe ere kurodu kowuje. Nowu araka ere mugudo joru tada beregodure nowu i biri pemegare boe epegaguru epa reno
BOR-CORBO-ETN-0087	Umana	Boe ere tugera kiogwado ji tuwai epače, irawo ema
BOR-CORBO-ETN-0088	Buruduí Umana	Ere nowu kurodu mugudo joru tada enogwagere ji. Jaoboe mariguduboe enogwagere kuduji
BOR-CORBO-ETN-0089	Očebaka (itura) / kido (boku)	Boe erubore nowu aru, nowu ukwa, boe eku pemegawo
BOR-CORBO-ETN-0090	Baría Bokujjiwo	Ere nowu biri padure i kejewu tugu ia meririto pobo tabo, nowu biri ere mugudo joru tada ekudure če turageduwo. Nowu i tabo ere toroe boe ipodo ema taraiga
BOR-CORBO-ETN-0091	Bače Enodoreu / Mače Enodoreu	Enogwagere nowu kurodu roguji
BOR-CORBO-ETN-0092	Jokukujetai	Boe ere aru mugudo joru tada berego ere epado tuwiri uru, taora kori. Boe ere kowu joruto uredududo uwo boe pegarewu barigu utudo, laboe biareure ema
BOR-CORBO-ETN-0093	Rugo	Nowu aru, nowu ukwa boe ere tore etaimo kuruče tore ekogodu kawo, tore epega kawo dubogaire eroino ji. Boe ere nowu uru mugudo joru tada tuguduwo če tuwiri uru epače, tugojari epače, tuguri kori epače
BOR-CORBO-ETN-0094	Rokoe Ewodoreu	Boe ere araka mugudo joru tada jorubo boe ekojari i epado ema (ikuri epado ema). Boe erubore nowu iwoiče, boe ere tugana kado, boe ere tuwure kado, boere iwoi tawuje kogudo nowu korirewu kajaje, ere nowu araka mugudo joru tada tugojari epado ema
BOR-CORBO-ETN-0095	Kowai	Boe etao epa nure ema boe eiogore ji tabo pemegawo motuwo
BOR-CORBO-ETN-0096	Atumeririreu	Boe ere toroe boe epado ema. Ere tumijorido če tugo epače, boe ere kogudo ika boe ekuika kajaje. Ere kago epado ema karei. Boedogere joru tugu nowu iwoito ureduduwo
BOR-CORBO-ETN-0097	Mičori	Boedoge ere iwoi tawuje tuwo aroe epado nowu kodudu tabo
BOR-CORBO-ETN-0098	Aroé Ekududuréu í	Boedoge enogware nowu kuwo a ji. Boedogere kuwo oro pemegado parikibotoče, kodoraboče ere nowu ai bu tuwai aoji tuwai epače
BOR-CORBO-ETN-0099	Kuwo ai	Boe enogware nowu kuroduji
BOR-CORBO-ETN-0100	Tori kobo	
BOR-CORBO-ETN-0101	Boroboiakareu	Boe enogware nowu kuroduji
BOR-CORBO-ETN-0102	Kirareu / Kiewarareu / kiorareu	Boe enogware nowu kuroduji
BOR-CORBO-ETN-0103	Irui í	Nowu i ere tugera kiogwadoji bai epače, irado ema. Ere nowu iwoi, mea kogudo to tugeje
BOR-CORBO-ETN-0104	Kuro cereu - fruto pequeno preto	Boe enogwagere nowu kuroduji, ere kurudo. Ere nowu aru mugudo joru tada, ere tuiedawu kori epado ema, ere awu areme etoroja epado ema, epemegawo
BOR-CORBO-ETN-0105	Koge Eibararareu (Córrego Grande)	Boe eiogore aroe ei tabo boe ere etugu moto du oto dai
BOR-CORBO-ETN-0106	Bóto Jerigigaréu	Ukwa kowudodure, čododure boe etorei, erijodu rewo pudui, erijodu mariguwo
BOR-CORBO-ETN-0107	Bokwado (itura); Bokado (Piebaga)	Boe ere kurudo tugeje enogwagere ji. Nowu i ure turugado boe ewai, ika, epače. Ere nowu i biri mugudo joru tada boe ečegurugudo epa, boe ekigori epa. Ere nowu a kowu joruto ere nowu tubegaguru epado ema. Ere nowu kodu, nowu i kuru tadu, epado boe emearudu ewaduwo pudui, tugu čowo. Ere nowu biri okodo tapira mokuro kuru kao tuiorubodo ema
BOR-CORBO-ETN-0108	Rumaga (boku)	Boe ere kurudo tugeje enogwagere ji. Nowu i ure turugado boe ewai, ika, epače. Ere nowu i biri mugudo joru tada boe ečegurugudo epa, boe ekigori epa. Ere nowu a kowu joruto ere nowu tubegaguru epado ema. Ere nowu kodu, nowu i kuru tadu, epado boe emearudu ewaduwo pudui, tugu čowo. Ere nowu biri okodo tapira mokuro kuru kao tuiorubodo ema
BOR-CORBO-ETN-0109	Bie	Boedoge ere kurudo enogwagere koduji. Ere nowu kuručodo ewo tadugodo tabo. Ere awu toroe meriri boe ipodo nowu bie ipoče. Ere aroe ekedo ema toro baito. Ere udo turugado bekurudo tuwo tugu taoto, tao kororogoduwo. Ere nowu kurodu, jorubo kurudo ema, čegurugudu epače, tugu čowo
BOR-CORBO-ETN-0110	Jorúbo Ipo / Jorubo í	Boe ere ikado ema
BOR-CORBO-ETN-0111	Okwami	Boe ere ikado ema. Nowu ibiri ere tugu poboto tuwure kori epado ema, togorire puduido, tuguri kori, tuguiboka kori epado ema
BOR-CORBO-ETN-0112	Paie Jokuro	Ere tuguiedo, bourado ema paduwo tuwugeje
BOR-CORBO-ETN-0113	Meri Jorubo Iorubo	Boe eiogore pudui boe ero kurireu keje boe ero biareu keje
BOR-CORBO-ETN-0114	Rimao Reo	Boe ere tugedo ema
BOR-CORBO-ETN-0115	boe bokware	Ere bekurudo tao epače, nowu ukwa ere reko tuwureadoji, tuwureado kawo tuwo
BOR-CORBO-ETN-0116	Manai (Pieaga)	Nowu aru ere mugudo joru tada boe etore jokuruga doge etaragudu kigodu akeduwo
BOR-CORBO-ETN-0117	Jugodoge Etabureu / Jugo Doge Etore Erubo	Ere aru mugudo joru tada ekudure če, nowu aru ere gugudo jamedu tuwo reko tubogora kuroduji, epogora bokodure ere rekoji jamedu
BOR-CORBO-ETN-0118	Rie	Boe ere kurodu kowuje. Ere nowu tudu kagu poboto, tuiorubodo ema, boe ekuri kori pegareu, boe epegaguru, bakuru koreu peagodu. Ere nowu oku mugudu joru tada, du ekudure če, ere areme etoroja epado ema, uwo etoroja pemegado, ekuibokwa kori epado ema jamedu
BOR-CORBO-ETN-0119	Rarukugudugodu	Boere aru berego du boe eiogore aredu kogogodaeji tabo. Boe eiogore aredu ji kuiaruwo
BOR-CORBO-ETN-0120	Kimau	Boere ukwa, aru ureduduwo uwo tuiodo boe pegareu keje, boere nowu i biri ukwa beredo boe ekuri kori, boe ewiri kurodu, boe etaora
BOR-CORBO-ETN-0121	Kiemogurureu	Barae ere nowu ira bu tuwai aoji, boere aru, ukwa, kowuje jui tabo du boe eiogore negedo rogu kodui maidu roguji, boe pegareu jetu kawoji
BOR-CORBO-ETN-0122	Ju umana	Boere boe jodo keje du ekudure kuruče tugojariji, tuwiri uruji
BOR-CORBO-ETN-0123	Uiaru	Kodure boere kowuje, boe eiogore torei aru tabo
BOR-CORBO-ETN-0124	Pobogo Doge Erubo	Boe eiogore pudui, ukwa tabo tuwo pobogo kowuje
BOR-CORBO-ETN-0125	Bato	Boere kurodu kowuje, boere betudo, boere kurudo. Boere i kuru okodo nonogo kao. Boe erigire ema. Boe ekera magadure boe eroji kuru tabo. Kuru pemegare boe ekuri koriji. Kuru pemegare boe epegaguru kuji
BOR-CORBO-ETN-0126	Akoreu	Boe eiogore tugogoriji, tuwiri kuroduji tabo, i kuru pemegare boe ekuiboka koriji jamedu. Boe biri, aru beredo du boere reko kigori pegareuji, awu barae egore diabete epare ema. Boe ekuiboka kori epare ema jamedu. Boe eiogore tugogoriji aru tabo
BOR-CORBO-ETN-0127	Akiwe Etore Ekejo-rubo	Boere aru, ukwa berego du pemegare boe etaora koriji barae egore conceptivo ji jamedu
BOR-CORBO-ETN-0128	Bakugu / Pogobo	Boere ukwa berego boe ekuri kori epače
BOR-CORBO-ETN-0129	Ari í	Boere kurodu kowuje, boere kurudo jamedu
BOR-CORBO-ETN-0130	Boko í	Boere kurodu kowuje, boere kurudo jamedu, boere aru enogu beredo boe epegaguru epače
BOR-CORBO-ETN-0131	Mareguetaureu / Mareguetau (Córrego Grande)	Boere kurodu kowuje boere kurudo jamedu
BOR-CORBO-ETN-0132	Bekururebe / Boe Etore Erubo	Boere ukwa beredo boe epegaguru, boe ekuri kugudu epače jamedu
BOR-CORBO-ETN-0133	Kido	Boere nowu ito kuru epado boe eto kori epače, boe ekojari epače, awu boe ekeno meadu jiwu boe ekogodae
BOR-CORBO-ETN-0134	Kidoguro	Boere reko, boe etore kodure maiwu biriji kiogwagiri otodai (boe ero iedodu). Boe eto kori epare nowu i kuru, boere nowu i uru berego tugojari epače awu boe ekeno meadu jiwu boe ekogodae epare ema jamedu
