id	status	corbo_match_id	decision_note
PC.001	unique		No strong HM textual correspondence; narrative continuity reviewed.
PC.002	unique		No strong HM textual correspondence; narrative continuity reviewed.
PC.003	unique		No strong HM textual correspondence; narrative continuity reviewed.
PC.004	unique		No strong HM textual correspondence; narrative continuity reviewed.
PC.005	unique		No strong HM textual correspondence; narrative continuity reviewed.
PC.006	unique		No strong HM textual correspondence; narrative continuity reviewed.
PC.007	unique		No strong HM textual correspondence; narrative continuity reviewed.
PC.008	unique		No strong HM textual correspondence; narrative continuity reviewed.
PC.009	unique		No strong HM textual correspondence; narrative continuity reviewed.
PC.010	unique		No strong HM textual correspondence; narrative continuity reviewed.
PC.011	unique		No strong HM textual correspondence; narrative continuity reviewed.
PC.012	unique		No strong HM textual correspondence; narrative continuity reviewed.
PC.013	unique		No strong HM textual correspondence; narrative continuity reviewed.
PC.014	unique		No strong HM textual correspondence; narrative continuity reviewed.
PC.015	unique		No strong HM textual correspondence; narrative continuity reviewed.
PC.016	unique		No strong HM textual correspondence; narrative continuity reviewed.
PC.017	unique		No strong HM textual correspondence; narrative continuity reviewed.
PC.018	unique		No strong HM textual correspondence; narrative continuity reviewed.
PC.019	unique		No strong HM textual correspondence; narrative continuity reviewed.
PC.020	unique		No strong HM textual correspondence; narrative continuity reviewed.
PC.021	unique		No strong HM textual correspondence; narrative continuity reviewed.
PC.022	unique		No strong HM textual correspondence; narrative continuity reviewed.
PC.023	unique		No strong HM textual correspondence; narrative continuity reviewed.
PC.025	unique		No strong HM textual correspondence; narrative continuity reviewed.
PC.026	unique		No strong HM textual correspondence; narrative continuity reviewed.
PC.027	unique		No strong HM textual correspondence; narrative continuity reviewed.
PC.028	unique		No strong HM textual correspondence; narrative continuity reviewed.
PC.029	unique		No strong HM textual correspondence; narrative continuity reviewed.
PC.030	unique		No strong HM textual correspondence; narrative continuity reviewed.
PC.031	unique		No strong HM textual correspondence; narrative continuity reviewed.
PC.032	unique		No strong HM textual correspondence; narrative continuity reviewed.
PC.033	unique		No strong HM textual correspondence; narrative continuity reviewed.
PC.034	unique		No strong HM textual correspondence; narrative continuity reviewed.
PC.035	unique		No strong HM textual correspondence; narrative continuity reviewed.
PC.036	unique		No strong HM textual correspondence; narrative continuity reviewed.
PC.037	unique		No strong HM textual correspondence; narrative continuity reviewed.
PC.038	unique		No strong HM textual correspondence; narrative continuity reviewed.
PC.039	unique		No strong HM textual correspondence; narrative continuity reviewed.
PC.040	unique		No strong HM textual correspondence; narrative continuity reviewed.
PC.041	unique		No strong HM textual correspondence; narrative continuity reviewed.
PC.042	unique		No strong HM textual correspondence; narrative continuity reviewed.
PC.043	unique		No strong HM textual correspondence; narrative continuity reviewed.
PC.044	unique		No strong HM textual correspondence; narrative continuity reviewed.
PC.045	unique		No strong HM textual correspondence; narrative continuity reviewed.
PC.046	unique		No strong HM textual correspondence; narrative continuity reviewed.
PC.047	unique		No strong HM textual correspondence; narrative continuity reviewed.
PC.048	unique		No strong HM textual correspondence; narrative continuity reviewed.
PC.049	unique		No strong HM textual correspondence; narrative continuity reviewed.
PC.050	unique		No strong HM textual correspondence; narrative continuity reviewed.
PC.051	unique		No strong HM textual correspondence; narrative continuity reviewed.
PC.052	unique		No strong HM textual correspondence; narrative continuity reviewed.
PC.053	unique		No strong HM textual correspondence; narrative continuity reviewed.
PC.054	unique		No strong HM textual correspondence; narrative continuity reviewed.
PC.055	unique		No strong HM textual correspondence; narrative continuity reviewed.
PC.056	unique		No strong HM textual correspondence; narrative continuity reviewed.
PC.057	unique		No strong HM textual correspondence; narrative continuity reviewed.
PC.058	unique		No strong HM textual correspondence; narrative continuity reviewed.
PC.059	unique		No strong HM textual correspondence; narrative continuity reviewed.
PC.060	unique		No strong HM textual correspondence; narrative continuity reviewed.
PC.061	unique		No strong HM textual correspondence; narrative continuity reviewed.
PC.062	unique		No strong HM textual correspondence; narrative continuity reviewed.
PC.063	unique		No strong HM textual correspondence; narrative continuity reviewed.
PC.064	unique		No strong HM textual correspondence; narrative continuity reviewed.
PC.065	unique		No strong HM textual correspondence; narrative continuity reviewed.
PC.066	unique		No strong HM textual correspondence; narrative continuity reviewed.
PC.067	unique		No strong HM textual correspondence; narrative continuity reviewed.
PC.068	unique		No strong HM textual correspondence; narrative continuity reviewed.
PC.069	unique		No strong HM textual correspondence; narrative continuity reviewed.
PC.070	unique		No strong HM textual correspondence; narrative continuity reviewed.
PC.071	unique		No strong HM textual correspondence; narrative continuity reviewed.
PC.072	unique		No strong HM textual correspondence; narrative continuity reviewed.
PC.073	unique		No strong HM textual correspondence; narrative continuity reviewed.
PC.074	unique		No strong HM textual correspondence; narrative continuity reviewed.
PC.075	unique		No strong HM textual correspondence; narrative continuity reviewed.
PC.076	unique		No strong HM textual correspondence; narrative continuity reviewed.
PC.077	unique		No strong HM textual correspondence; narrative continuity reviewed.
PC.078	unique		No strong HM textual correspondence; narrative continuity reviewed.
PC.079	unique		No strong HM textual correspondence; narrative continuity reviewed.
PC.080	unique		No strong HM textual correspondence; narrative continuity reviewed.
PC.081	unique		No strong HM textual correspondence; narrative continuity reviewed.
PC.082	unique		No strong HM textual correspondence; narrative continuity reviewed.
PC.083	unique		No strong HM textual correspondence; narrative continuity reviewed.
PC.084	unique		No strong HM textual correspondence; narrative continuity reviewed.
PC.085	unique		No strong HM textual correspondence; narrative continuity reviewed.
PC.086	unique		No strong HM textual correspondence; narrative continuity reviewed.
PC.087	unique		No strong HM textual correspondence; narrative continuity reviewed.
PC.088	unique		No strong HM textual correspondence; narrative continuity reviewed.
PC.089	unique		No strong HM textual correspondence; narrative continuity reviewed.
PC.090	unique		No strong HM textual correspondence; narrative continuity reviewed.
PC.091	unique		No strong HM textual correspondence; narrative continuity reviewed.
PC.092	unique		No strong HM textual correspondence; narrative continuity reviewed.
PC.093	unique		No strong HM textual correspondence; narrative continuity reviewed.
PC.094	unique		No strong HM textual correspondence; narrative continuity reviewed.
PC.095	unique		No strong HM textual correspondence; narrative continuity reviewed.
PC.096	unique		No strong HM textual correspondence; narrative continuity reviewed.
PC.097	unique		No strong HM textual correspondence; narrative continuity reviewed.
PC.098	unique		No strong HM textual correspondence; narrative continuity reviewed.
PC.099	unique		No strong HM textual correspondence; narrative continuity reviewed.
PC.100	unique		No strong HM textual correspondence; narrative continuity reviewed.
PC.101	unique		No strong HM textual correspondence; narrative continuity reviewed.
PC.102	unique		No strong HM textual correspondence; narrative continuity reviewed.
PC.103	unique		No strong HM textual correspondence; narrative continuity reviewed.
PC.104	unique		No strong HM textual correspondence; narrative continuity reviewed.
PC.105	unique		No strong HM textual correspondence; narrative continuity reviewed.
PC.106	unique		No strong HM textual correspondence; narrative continuity reviewed.
PC.107	unique		No strong HM textual correspondence; narrative continuity reviewed.
PC.108	unique		No strong HM textual correspondence; narrative continuity reviewed.
PC.109	unique		No strong HM textual correspondence; narrative continuity reviewed.
PC.110	unique		No strong HM textual correspondence; narrative continuity reviewed.
PC.111	unique		No strong HM textual correspondence; narrative continuity reviewed.
PC.112	unique		No strong HM textual correspondence; narrative continuity reviewed.
PC.113	unique		No strong HM textual correspondence; narrative continuity reviewed.
PC.114	unique		No strong HM textual correspondence; narrative continuity reviewed.
PC.115	unique		No strong HM textual correspondence; narrative continuity reviewed.
PC.116	unique		No strong HM textual correspondence; narrative continuity reviewed.
PC.117	unique		No strong HM textual correspondence; narrative continuity reviewed.
PC.118	unique		No strong HM textual correspondence; narrative continuity reviewed.
PC.119	unique		No strong HM textual correspondence; narrative continuity reviewed.
PC.120	unique		No strong HM textual correspondence; narrative continuity reviewed.
PC.121	unique		No strong HM textual correspondence; narrative continuity reviewed.
PC.122	unique		No strong HM textual correspondence; narrative continuity reviewed.
PC.123	unique		No strong HM textual correspondence; narrative continuity reviewed.
PC.124	unique		No strong HM textual correspondence; narrative continuity reviewed.
PC.125	unique		No strong HM textual correspondence; narrative continuity reviewed.
PC.126	unique		No strong HM textual correspondence; narrative continuity reviewed.
PC.127	unique		No strong HM textual correspondence; narrative continuity reviewed.
PC.128	unique		No strong HM textual correspondence; narrative continuity reviewed.
PC.129	unique		No strong HM textual correspondence; narrative continuity reviewed.
PC.130	unique		No strong HM textual correspondence; narrative continuity reviewed.
PC.131	unique		No strong HM textual correspondence; narrative continuity reviewed.
PC.132	unique		No strong HM textual correspondence; narrative continuity reviewed.
PC.133	unique		No strong HM textual correspondence; narrative continuity reviewed.
PC.134	unique		No strong HM textual correspondence; narrative continuity reviewed.
PC.135	unique		No strong HM textual correspondence; narrative continuity reviewed.
PC.136	unique		No strong HM textual correspondence; narrative continuity reviewed.
PC.137	unique		No strong HM textual correspondence; narrative continuity reviewed.
PC.138	unique		No strong HM textual correspondence; narrative continuity reviewed.
PC.139	unique		No strong HM textual correspondence; narrative continuity reviewed.
PC.140	unique		No strong HM textual correspondence; narrative continuity reviewed.
PC.141	unique		No strong HM textual correspondence; narrative continuity reviewed.
PC.142	unique		No strong HM textual correspondence; narrative continuity reviewed.
PC.143	unique		No strong HM textual correspondence; narrative continuity reviewed.
PC.144	unique		No strong HM textual correspondence; narrative continuity reviewed.
PC.145	unique		No strong HM textual correspondence; narrative continuity reviewed.
PC.146	unique		No strong HM textual correspondence; narrative continuity reviewed.
PC.147	unique		No strong HM textual correspondence; narrative continuity reviewed.
PC.148	unique		No strong HM textual correspondence; narrative continuity reviewed.
PC.149	unique		No strong HM textual correspondence; narrative continuity reviewed.
PC.150	unique		No strong HM textual correspondence; narrative continuity reviewed.
PC.151	unique		No strong HM textual correspondence; narrative continuity reviewed.
PC.152	unique		No strong HM textual correspondence; narrative continuity reviewed.
PC.153	unique		No strong HM textual correspondence; narrative continuity reviewed.
PC.154	unique		No strong HM textual correspondence; narrative continuity reviewed.
PC.155	unique		No strong HM textual correspondence; narrative continuity reviewed.
PC.156	unique		No strong HM textual correspondence; narrative continuity reviewed.
PC.157	unique		No strong HM textual correspondence; narrative continuity reviewed.
PC.158	unique		No strong HM textual correspondence; narrative continuity reviewed.
PC.159	unique		No strong HM textual correspondence; narrative continuity reviewed.
PC.160	unique		No strong HM textual correspondence; narrative continuity reviewed.
PC.161	unique		No strong HM textual correspondence; narrative continuity reviewed.
PC.162	unique		No strong HM textual correspondence; narrative continuity reviewed.
PC.163	unique		No strong HM textual correspondence; narrative continuity reviewed.
PC.164	unique		No strong HM textual correspondence; narrative continuity reviewed.
PC.165	unique		No strong HM textual correspondence; narrative continuity reviewed.
PC.166	unique		No strong HM textual correspondence; narrative continuity reviewed.
PC.167	unique		No strong HM textual correspondence; narrative continuity reviewed.
PC.168	unique		No strong HM textual correspondence; narrative continuity reviewed.
PC.169	unique		No strong HM textual correspondence; narrative continuity reviewed.
PC.170	unique		No strong HM textual correspondence; narrative continuity reviewed.
PC.171	unique		No strong HM textual correspondence; narrative continuity reviewed.
PC.172	unique		No strong HM textual correspondence; narrative continuity reviewed.
PC.173	unique		No strong HM textual correspondence; narrative continuity reviewed.
PC.174	unique		No strong HM textual correspondence; narrative continuity reviewed.
PC.175	unique		No strong HM textual correspondence; narrative continuity reviewed.
PC.176	unique		No strong HM textual correspondence; narrative continuity reviewed.
PC.177	unique		No strong HM textual correspondence; narrative continuity reviewed.
PC.179	unique		No strong HM textual correspondence; narrative continuity reviewed.
PC.180	unique		No strong HM textual correspondence; narrative continuity reviewed.
PC.181	unique		No strong HM textual correspondence; narrative continuity reviewed.
PC.182	unique		No strong HM textual correspondence; narrative continuity reviewed.
PC.183	unique		No strong HM textual correspondence; narrative continuity reviewed.
PC.184	confirmed	BOR-CORBO-HM001-u146	Human-reviewed textual/narrative correspondence.
PC.185	confirmed	BOR-CORBO-HM001-u147	Human-reviewed textual/narrative correspondence.
PC.186	confirmed	BOR-CORBO-HM001-u148	Human-reviewed textual/narrative correspondence.
PC.187	confirmed	BOR-CORBO-HM001-u149	Human-reviewed textual/narrative correspondence.
PC.188	confirmed	BOR-CORBO-HM001-u150	Human-reviewed textual/narrative correspondence.
PC.189	confirmed	BOR-CORBO-HM001-u151	Human-reviewed textual/narrative correspondence.
PC.190	unique		Coherent documentary block; no HM anchor >=0.70.
PC.191	unique		Coherent documentary block; no HM anchor >=0.70.
PC.192	unique		Coherent documentary block; no HM anchor >=0.70.
PC.193	unique		Coherent documentary block; no HM anchor >=0.70.
PC.194	unique		Coherent documentary block; no HM anchor >=0.70.
PC.195	unique		Coherent documentary block; no HM anchor >=0.70.
PC.196	unique		Coherent documentary block; no HM anchor >=0.70.
PC.197	unique		Coherent documentary block; no HM anchor >=0.70.
PC.198	unique		Coherent documentary block; no HM anchor >=0.70.
PC.199	unique		Coherent documentary block; no HM anchor >=0.70.
PC.200	unique		Coherent documentary block; no HM anchor >=0.70.
PC.201	unique		Coherent documentary block; no HM anchor >=0.70.
PC.202	unique		Coherent documentary block; no HM anchor >=0.70.
PC.203	unique		Coherent documentary block; no HM anchor >=0.70.
PC.204	unique		Coherent documentary block; no HM anchor >=0.70.
PC.205	unique		Coherent documentary block; no HM anchor >=0.70.
PC.206	unique		Coherent documentary block; no HM anchor >=0.70.
PC.207	unique		Coherent documentary block; no HM anchor >=0.70.
PC.208	unique		Coherent documentary block; no HM anchor >=0.70.
PC.209	unique		Coherent documentary block; no HM anchor >=0.70.
PC.210	unique		Coherent documentary block; no HM anchor >=0.70.
PC.211	unique		Coherent documentary block; no HM anchor >=0.70.
PC.212	unique		Coherent documentary block; no HM anchor >=0.70.
PC.213	unique		Coherent documentary block; no HM anchor >=0.70.
PC.214	unique		Coherent documentary block; no HM anchor >=0.70.
PC.215	unique		Coherent documentary block; no HM anchor >=0.70.
PC.216	unique		Coherent documentary block; no HM anchor >=0.70.
PC.217	unique		Coherent documentary block; no HM anchor >=0.70.
PC.218	unique		Coherent documentary block; no HM anchor >=0.70.
PC.219	unique		Coherent documentary block; no HM anchor >=0.70.
PC.220	unique		Coherent documentary block; no HM anchor >=0.70.
PC.221	unique		Coherent documentary block; no HM anchor >=0.70.
PC.222	unique		Coherent documentary block; no HM anchor >=0.70.
PC.223	unique		Coherent documentary block; no HM anchor >=0.70.
PC.224	confirmed	BOR-CORBO-HM001-u146	Human-reviewed textual/narrative correspondence.
PC.225	confirmed	BOR-CORBO-HM001-u147	Human-reviewed textual/narrative correspondence.
PC.226	confirmed	BOR-CORBO-HM001-u148	Human-reviewed textual/narrative correspondence.
PC.227	confirmed	BOR-CORBO-HM001-u149	Human-reviewed textual/narrative correspondence.
PC.228	confirmed	BOR-CORBO-HM001-u150	Human-reviewed textual/narrative correspondence.
PC.229	parallel_formulaic	BOR-CORBO-HM001-u150	Expanded net episode around HM u150; no strict 1:1 equivalence.
PC.230	parallel_formulaic	BOR-CORBO-HM001-u150	Expanded net episode around HM u150; no strict 1:1 equivalence.
PC.231	confirmed	BOR-CORBO-HM001-u151	Human-reviewed textual/narrative correspondence.
PC.232	parallel_formulaic		Continuation of the confirmed net/fish episode; HM segmentation diverges, so no forced 1:1 match.
PC.233	parallel_formulaic		Continuation of the confirmed net/fish episode; HM segmentation diverges, so no forced 1:1 match.
PC.234	parallel_formulaic		Continuation of the confirmed net/fish episode; HM segmentation diverges, so no forced 1:1 match.
PC.235	parallel_formulaic		Continuation of the confirmed net/fish episode; HM segmentation diverges, so no forced 1:1 match.
PC.236	parallel_formulaic		Continuation of the confirmed net/fish episode; HM segmentation diverges, so no forced 1:1 match.
PC.237	parallel_formulaic		Continuation of the confirmed net/fish episode; HM segmentation diverges, so no forced 1:1 match.
PC.238	parallel_formulaic		Paca/apueceba episode; structural/formulaic parallel, not textual equivalence.
PC.239	parallel_formulaic		Paca/apueceba episode; structural/formulaic parallel, not textual equivalence.
PC.240	parallel_formulaic		Paca/apueceba episode; structural/formulaic parallel, not textual equivalence.
PC.241	parallel_formulaic		Paca/apueceba episode; structural/formulaic parallel, not textual equivalence.
PC.242	parallel_formulaic		Paca/apueceba episode; structural/formulaic parallel, not textual equivalence.
PC.243	parallel_formulaic		Paca/apueceba episode; structural/formulaic parallel, not textual equivalence.
PC.244	parallel_formulaic		Paca/apueceba episode; structural/formulaic parallel, not textual equivalence.
PC.245	parallel_formulaic		Paca/apueceba episode; structural/formulaic parallel, not textual equivalence.
PC.246	parallel_formulaic		Paca/apueceba episode; structural/formulaic parallel, not textual equivalence.
PC.247	parallel_formulaic		Paca/apueceba episode; structural/formulaic parallel, not textual equivalence.
PC.248	parallel_formulaic		Paca/apueceba episode; structural/formulaic parallel, not textual equivalence.
PC.250	parallel_formulaic		Paca/apueceba episode; structural/formulaic parallel, not textual equivalence.
PC.251	parallel_formulaic		Transition into queixada episode; thematic/structural HM parallel without strict equivalence.
PC.252	confirmed	BOR-CORBO-HM001-u176	Human-reviewed textual/narrative correspondence.
PC.253	confirmed	BOR-CORBO-HM001-u177	Human-reviewed textual/narrative correspondence.
PC.254	parallel_formulaic		Queixada description continues confirmed PC252-253 but differs materially from HM fish/net wording.
PC.255	confirmed	BOR-CORBO-HM001-u140	Human-reviewed textual/narrative correspondence.
PC.256	confirmed	BOR-CORBO-HM001-u141	Human-reviewed textual/narrative correspondence.
PC.257	parallel_formulaic		Formulaic/thematic HM parallels; not documentary equivalence.
PC.258	parallel_formulaic		Formulaic/thematic HM parallels; not documentary equivalence.
PC.259	parallel_formulaic		Formulaic/thematic HM parallels; not documentary equivalence.
PC.260	parallel_formulaic		Formulaic/thematic HM parallels; not documentary equivalence.
PC.261	parallel_formulaic		Formulaic/thematic HM parallels; not documentary equivalence.
PC.262	parallel_formulaic		Formulaic/thematic HM parallels; not documentary equivalence.
PC.263	parallel_formulaic		Formulaic/thematic HM parallels; not documentary equivalence.
PC.264	parallel_formulaic		Formulaic/thematic HM parallels; not documentary equivalence.
PC.265	parallel_formulaic		Formulaic/thematic HM parallels; not documentary equivalence.
PC.266	parallel_formulaic		Formulaic/thematic HM parallels; not documentary equivalence.
PC.267	parallel_formulaic		Formulaic/thematic HM parallels; not documentary equivalence.
PC.268	parallel_formulaic		Formulaic/thematic HM parallels; not documentary equivalence.
PC.269	parallel_formulaic		Formulaic/thematic HM parallels; not documentary equivalence.
PC.270	parallel_formulaic		Formulaic/thematic HM parallels; not documentary equivalence.
PC.271	parallel_formulaic		Formulaic/thematic HM parallels; not documentary equivalence.
PC.272	parallel_formulaic		Formulaic/thematic HM parallels; not documentary equivalence.
PC.273	parallel_formulaic		Formulaic/thematic HM parallels; not documentary equivalence.
PC.274	parallel_formulaic		Formulaic/thematic HM parallels; not documentary equivalence.
PC.275	confirmed	BOR-CORBO-HM001-u137	Human-reviewed textual/narrative correspondence.
PC.276	confirmed	BOR-CORBO-HM001-u138	Strong anchor or sequence-supported human-reviewed correspondence.
PC.277	confirmed	BOR-CORBO-HM001-u139	Strong anchor or sequence-supported human-reviewed correspondence.
PC.278	confirmed	BOR-CORBO-HM001-u140	Strong anchor or sequence-supported human-reviewed correspondence.
PC.279	confirmed	BOR-CORBO-HM001-u141	Strong anchor or sequence-supported human-reviewed correspondence.
PC.280	confirmed	BOR-CORBO-HM001-u142	Strong anchor or sequence-supported human-reviewed correspondence.
PC.281	parallel_formulaic		Segment within an aligned/parallel narrative sequence; insufficient evidence for an independent 1:1 HM unit match.
PC.282	confirmed	BOR-CORBO-HM001-u144	Strong anchor or sequence-supported human-reviewed correspondence.
PC.283	confirmed	BOR-CORBO-HM001-u145	Strong anchor or sequence-supported human-reviewed correspondence.
PC.284	confirmed	BOR-CORBO-HM001-u146	Strong anchor or sequence-supported human-reviewed correspondence.
PC.285	confirmed	BOR-CORBO-HM001-u147	Strong anchor or sequence-supported human-reviewed correspondence.
PC.286	confirmed	BOR-CORBO-HM001-u148	Strong anchor or sequence-supported human-reviewed correspondence.
PC.287	confirmed	BOR-CORBO-HM001-u149	Strong anchor or sequence-supported human-reviewed correspondence.
PC.288	confirmed	BOR-CORBO-HM001-u150	Strong anchor or sequence-supported human-reviewed correspondence.
PC.289	confirmed	BOR-CORBO-HM001-u151	Strong anchor or sequence-supported human-reviewed correspondence.
PC.290	confirmed	BOR-CORBO-HM001-u152	Strong anchor or sequence-supported human-reviewed correspondence.
PC.291	confirmed	BOR-CORBO-HM001-u153	Strong anchor or sequence-supported human-reviewed correspondence.
PC.292	confirmed	BOR-CORBO-HM001-u154	Strong anchor or sequence-supported human-reviewed correspondence.
PC.293	confirmed	BOR-CORBO-HM001-u155	Strong anchor or sequence-supported human-reviewed correspondence.
PC.294	confirmed	BOR-CORBO-HM001-u156	Strong anchor or sequence-supported human-reviewed correspondence.
PC.295	confirmed	BOR-CORBO-HM001-u157	Strong anchor or sequence-supported human-reviewed correspondence.
PC.296	confirmed	BOR-CORBO-HM001-u158	Strong anchor or sequence-supported human-reviewed correspondence.
PC.297	confirmed	BOR-CORBO-HM001-u159	Strong anchor or sequence-supported human-reviewed correspondence.
PC.298	confirmed	BOR-CORBO-HM001-u160	Strong anchor or sequence-supported human-reviewed correspondence.
PC.299	parallel_formulaic		Segment within an aligned/parallel narrative sequence; insufficient evidence for an independent 1:1 HM unit match.
PC.301	confirmed	BOR-CORBO-HM001-u162	Strong anchor or sequence-supported human-reviewed correspondence.
PC.302	confirmed	BOR-CORBO-HM001-u163	Strong anchor or sequence-supported human-reviewed correspondence.
PC.303	confirmed	BOR-CORBO-HM001-u164	Strong anchor or sequence-supported human-reviewed correspondence.
PC.304	confirmed	BOR-CORBO-HM001-u165	Strong anchor or sequence-supported human-reviewed correspondence.
PC.305	parallel_formulaic		Segment within an aligned/parallel narrative sequence; insufficient evidence for an independent 1:1 HM unit match.
PC.307	confirmed	BOR-CORBO-HM001-u167	Strong anchor or sequence-supported human-reviewed correspondence.
PC.308	confirmed	BOR-CORBO-HM001-u168	Strong anchor or sequence-supported human-reviewed correspondence.
PC.309	confirmed	BOR-CORBO-HM001-u169	Strong anchor or sequence-supported human-reviewed correspondence.
PC.310	confirmed	BOR-CORBO-HM001-u170	Strong anchor or sequence-supported human-reviewed correspondence.
PC.311	confirmed	BOR-CORBO-HM001-u171	Strong anchor or sequence-supported human-reviewed correspondence.
PC.312	confirmed	BOR-CORBO-HM001-u172	Strong anchor or sequence-supported human-reviewed correspondence.
PC.313	confirmed	BOR-CORBO-HM001-u173	Strong anchor or sequence-supported human-reviewed correspondence.
PC.314	confirmed	BOR-CORBO-HM001-u174	Strong anchor or sequence-supported human-reviewed correspondence.
PC.315	confirmed	BOR-CORBO-HM001-u175	Strong anchor or sequence-supported human-reviewed correspondence.
PC.316	confirmed	BOR-CORBO-HM001-u176	Strong anchor or sequence-supported human-reviewed correspondence.
PC.317	confirmed	BOR-CORBO-HM001-u177	Strong anchor or sequence-supported human-reviewed correspondence.
PC.318	confirmed	BOR-CORBO-HM001-u178	Strong anchor or sequence-supported human-reviewed correspondence.
PC.319	confirmed	BOR-CORBO-HM001-u179	Strong anchor or sequence-supported human-reviewed correspondence.
PC.320	confirmed	BOR-CORBO-HM001-u180	Strong anchor or sequence-supported human-reviewed correspondence.
PC.321	confirmed	BOR-CORBO-HM001-u181	Strong anchor or sequence-supported human-reviewed correspondence.
PC.322	confirmed	BOR-CORBO-HM001-u182	Strong anchor or sequence-supported human-reviewed correspondence.
PC.323	confirmed	BOR-CORBO-HM001-u183	Strong anchor or sequence-supported human-reviewed correspondence.
PC.324	confirmed	BOR-CORBO-HM001-u184	Strong anchor or sequence-supported human-reviewed correspondence.
PC.325	confirmed	BOR-CORBO-HM001-u185	Strong anchor or sequence-supported human-reviewed correspondence.
PC.326	parallel_formulaic		Segment within an aligned/parallel narrative sequence; insufficient evidence for an independent 1:1 HM unit match.
PC.327	parallel_formulaic		Segment within an aligned/parallel narrative sequence; insufficient evidence for an independent 1:1 HM unit match.
PC.328	parallel_formulaic		Segment within an aligned/parallel narrative sequence; insufficient evidence for an independent 1:1 HM unit match.
PC.330	confirmed	BOR-CORBO-HM001-u190	Strong anchor or sequence-supported human-reviewed correspondence.
PC.331	confirmed	BOR-CORBO-HM001-u191	Strong anchor or sequence-supported human-reviewed correspondence.
PC.332	confirmed	BOR-CORBO-HM001-u192	Strong anchor or sequence-supported human-reviewed correspondence.
PC.333	confirmed	BOR-CORBO-HM001-u193	Strong anchor or sequence-supported human-reviewed correspondence.
PC.334	confirmed	BOR-CORBO-HM001-u194	Strong anchor or sequence-supported human-reviewed correspondence.
PC.335	confirmed	BOR-CORBO-HM001-u195	Strong anchor or sequence-supported human-reviewed correspondence.
PC.336	confirmed	BOR-CORBO-HM001-u196	Strong anchor or sequence-supported human-reviewed correspondence.
