id	source_number	section	source	reviewed	portuguese	editorial_note
PC.001	1	HISTÓRIA DE PEMO – COQUEIRO – MERURI, 1974	Barogwa kododure. Pemo koiare ure barogwa kododudo, tuwo pawadaru maku pagai.		Amanheceu. Pemo fez amanhecer para nos ensinar a falar.	
PC.002	2	HISTÓRIA DE PEMO – COQUEIRO – MERURI, 1974	Ure Braedugume akodo oino: - Wo! ... Itugare braedu bokwa ra!		Ele (Pemo) mandou Braedugume falar assim:	
PC.003	3	HISTÓRIA DE PEMO – COQUEIRO – MERURI, 1974	– Itugare Karaiwa bokwa ra!		Eis que eu não tenho súdito de cabelo vermelho!.	Portuguese translation occurs inline after an en dash in the numbered source unit.
PC.004	4	HISTÓRIA DE PEMO – COQUEIRO – MERURI, 1974	– Itugare Karaca bokwa ra!		Eis que eu não tenho súdito de pele morena!	Portuguese translation occurs inline after an en dash in the numbered source unit.
PC.005	5	HISTÓRIA DE PEMO – COQUEIRO – MERURI, 1974	– Itugare Makigadu bokwa ra!		Ei que eu não tenho súdito de cabelo branco!	Portuguese translation occurs inline after an en dash in the numbered source unit.
PC.006	6	HISTÓRIA DE PEMO – COQUEIRO – MERURI, 1974	– Itugare Ratedu bokwa ra!		Eis que eu não tenho súdito loiro!	Portuguese translation occurs inline after an en dash in the numbered source unit.
PC.007	7	HISTÓRIA DE PEMO – COQUEIRO – MERURI, 1974	– Itugare Powaredu bokwa ra!		Eis que eu não tenho súdito branco avermelhado.	Portuguese translation occurs inline after an en dash in the numbered source unit.
PC.008	8	HISTÓRIA DE PEMO – COQUEIRO – MERURI, 1974	– Itugare Akurumodu bokwa ra!		Eis que eu não tenho súdito de cabelo enrolado!	Portuguese translation occurs inline after an en dash in the numbered source unit.
PC.009	9	HISTÓRIA DE PEMO – COQUEIRO – MERURI, 1974	– Itugare Aoporeguru bokwa ra!		Eis que eu não tenho súdito preto!	Portuguese translation occurs inline after an en dash in the numbered source unit.
PC.010	10	HISTÓRIA DE PEMO – COQUEIRO – MERURI, 1974	– Itugare Okakigadu bokwa ra!		Eis que eu não tenho súdito branco!	Portuguese translation occurs inline after an en dash in the numbered source unit.
PC.011	11	HISTÓRIA DE PEMO – COQUEIRO – MERURI, 1974	Icare ure Braedugumedo tudugu tuguda. Icare ure udo tudo moto ji pr!		Aí ele fez com que Bradedugume o levantasse e e o jogasse no chão pr!	
PC.012	12	HISTÓRIA DE PEMO – COQUEIRO – MERURI, 1974	Dukejere, nowu makore iejiwu brae epadure boe kajeje.		Logo apareceram por todo parte aqueles cujos nomes tinha falado.	
PC.013	13	HISTÓRIA DE PEMO – COQUEIRO – MERURI, 1974	Oinore ere tudo!		Eram muitos mesmo!	
PC.014	14	HISTÓRIA DE PEMO – COQUEIRO – MERURI, 1974	Icare ure Braedugume akodo pugeje: E! Itugare braedu aku tapira bokwa ra! Itugare braedu aku kawaru bokwa ra! Itugare braedu aku kagariga bokwa ra! Oinore akore.		Depois ele fez Braedugume falar assim: - Eh! Meu súdito branco não tem gado! O meu súdito branco não tem cavalos! O meu súdito branco não tem galinhas! Foi assim que ele falou.	
PC.015	15	HISTÓRIA DE PEMO – COQUEIRO – MERURI, 1974	Icare ure Braedugumedo tudugu tuguda. Icare ure udo tudo moto ji pr!		Aí ele fez com que Bradedugume o levantasse e jogasse no chão pr!	
PC.016	16	HISTÓRIA DE PEMO – COQUEIRO – MERURI, 1974	Dukejere, nowu makore jiwu brae eguiee epadure boe kajeje.		Logo apareceram por toda parte aqueles animais dos brancos que ele tinha nomeado.	
PC.017	17	HISTÓRIA DE PEMO – COQUEIRO – MERURI, 1974	Pugeje, ure barogwa kododudo pugeje. Ure okeado pugeje, ure akodo: - E! Itugare braedu uke iro bokwa ra!Itugare braedu uke kuiada bokwa ra! Itugare braedu uke tako bokwa ra! Itugare braedu uke bako bokwa ra! Itugare braedu uke riboarewu bokwa ra!		Depois fez amanhecer de novo. O fez desejar de novo e dizer: - Eh! O meu súdito branco não tem arroz para comer!O meu súdito branco não tem milho para comer! O meu súdito branco não tem cana de açúcar para comer! O meu súdito branco não tem banana para comer!	
PC.018	18	HISTÓRIA DE PEMO – COQUEIRO – MERURI, 1974	Nonore icare ure udo tudugu tuguda pugeje. Ure udo tudo moto ji pugeje pr!		Aí ele fez com que o levantasse de novo e o jogasse no chão pr!	
PC.019	19	HISTÓRIA DE PEMO – COQUEIRO – MERURI, 1974	Dukejere, nowu makore iejiboe jamedu boe padure moto kajeje.		Então tudo aquilo que ele nomeou apareceu pela terra.	
PC.020	20	HISTÓRIA DE PEMO – COQUEIRO – MERURI, 1974	Dukodire page ukare tuginoi: pagere mitoto tu pagai paiamedu.		Por tanto, o nosso alimento não era diferente, o nosso alimento era o mesmo para todos nós.	
PC.021	21	HISTÓRIA DE PEMO – COQUEIRO – MERURI, 1974	Dukejere icare Pemore pawadarudo tuginoi pubiji. Dukejere Pemore pagedo tuginoi pubiji.		Depois Pemo diferenciou as nossas línguas. Depois Pemo diferenciou a nossa comida.	
PC.022	22	HISTÓRIA DE PEMO – COQUEIRO – MERURI, 1974	Pamearudaedo purewure, mare pagogwa kodukare pu okwa kodaji. Mare ure purewure rugadu.		Ele fez o nosso pensamento igual. A nossa língua, porém, ficou diferente. Mas na realidade é igual.	
PC.023	23	HISTÓRIA DE PEMO – COQUEIRO – MERURI, 1974	Pamearudaere purewure rugadu. Paeruduwa jiboere purewure rugadu.		O nosso pensamento é igual. O nosso saber é igual.	Portuguese translation carries the same source number and was merged during documentary import.
PC.025	24	HISTÓRIA DE PEMO – COQUEIRO – MERURI, 1974	Pagiarigodure jiboere purewure. Pawoadaere purewure. Pamearutorure jiboere purewure.		O que nos causa tristeza é semelhante. Os nossos divertimentos são parecidos. O que acreditamos é semelhante.	
PC.026	25	HISTÓRIA DE PEMO – COQUEIRO – MERURI, 1974	Dukodire pamearutorure ji paiamedu tabo boere bakuru rema. Dukodire pamearutorure ji paiamedu taboboere bokwaro rema. Kodire pamearutorure ji paiamedu tabo boere baru kujagu rema.		Por isso o que acreditamos é como vento. Por isso o que acreditamos é como nevoeiro. Por isso o que acreditamos é como céu vermelho.	
PC.027	26	HISTÓRIA DE PEMO – COQUEIRO – MERURI, 1974	Mare ure pamearudae pemegarewu maku pagaiwu Pemo rema. Ure paeruduwa maku pagaiboere Pemo rema.		Mas quem nos deu o pensamento bom foi Deus. Quem nos deu a sabedoria foi Deus.	
PC.028	27	HISTÓRIA DE PEMO – COQUEIRO – MERURI, 1974	Dukodire imedu pijire paewodure. Imedu pijire pamearudae boture. Imedu pijire paerudae boture. Imedu pijire page boture. Imedu pijire pagoroe boture. Imedu pijire pamaragodae boture.		Por isso foi de um homem que nós todos nascemos. O nosso pensamento veio de (um) homem. Nossa visão veio de (um) homem. O nosso alimento veio de (um) homem. As nossas coisas vieram de (um) homem. O nosso agir veio de (um) homem.	
PC.029	28	HISTÓRIA DE PEMO – COQUEIRO – MERURI, 1974	Kodire pawodure pijiwu imedu makaguragakare. Pawodure pijiwu imedu mito tu je.		Por isso aquele de quem nós nascemos não é muitos. O homem de que nós nascemos e um só.	
PC.030	29	HISTÓRIA DE PEMO – COQUEIRO – MERURI, 1974	Icare Pemore pawadaru maku pagai.		Depois Deus nos deu a fala.	
PC.031	30	HISTÓRIA DE PEMO – COQUEIRO – MERURI, 1974	Makore boetojiwu, Pemore makodo boetojiwu akore O o o O o o O o o . Oino		O primeiro que falou, o primeiro a quem Deus fez falar disse: - O o o O o o O o o . Assim.	
PC.032	31	HISTÓRIA DE PEMO – COQUEIRO – MERURI, 1974	Metuia akore Gae gae Gae gae Gae gae. Oino.		O seguinte disse: - Gae gae Gae gae Gae gae. Assim.	
PC.033	32	HISTÓRIA DE PEMO – COQUEIRO – MERURI, 1974	Metuia akore Tori to to to Tori to to to Tori to to to. Oino		Um outro disse: - Tori to to to Tori to to to Tori to to to. Assim.	
PC.034	33	HISTÓRIA DE PEMO – COQUEIRO – MERURI, 1974	Metuia akore Wu wu Wu wu Wu wu Wu wu.. Oino.		Um outro disse: - Wu wu Wu wu Wu wu Wu wu.. Assim.	
PC.035	34	HISTÓRIA DE PEMO – COQUEIRO – MERURI, 1974	Pawadaru paiamedu tabowu reno. Pamearudure pu okwa bataru ji paiamedu tabowu reno.		Essa é a fala comum a todos nós. Essa é a língua com que todos nos entendíamos.	
PC.036	35	HISTÓRIA DE PEMO – COQUEIRO – MERURI, 1974	Dukodire pawadaru ukare tuginoi. Pawadaru mito tu pagai.		Por isso a língua de todos nós não era diferente. A língua era uma só para todos nós.	
PC.037	36	HISTÓRIA DE PEMO – COQUEIRO – MERURI, 1974	Icare Pemore tugera ra cebiji, boe cebiji. Ure tumagu nowu ture ko boiwuge etai. Ure tumagu etai nowu ture ko boetojiwuge epiji.		Depois Deus largou de nós, de nós Bororo. Ele se deu aos que ele fez por último. Ele se deu a eles deixando aqueles que ele fez primeiro.	
PC.038	37	HISTÓRIA DE PEMO – COQUEIRO – MERURI, 1974	Ure tugera ra pijiwugere Boere emage. Ure tumagu aiwugere Braere emage.		Os que ele deixou de lado são os Bororo. Aqueles aos quais se deu são os brancos.	
PC.039	38	HISTÓRIA DE PEMO – COQUEIRO – MERURI, 1974	Dukodire ure Boe eeruduwa koborido tu je, turoji, tuwadaruji, toroeji, tugeroguji, tumagoji.		Por isso ele diminuiu um pouco a sabedoria dos Bororo para agir, para se expressar, para conseguir suas coisas e seus alimentos, para falar.	
PC.040	39	HISTÓRIA DE PEMO – COQUEIRO – MERURI, 1974	Ure tumagu aiwuge eeruduwa kimodo turoji. Dukodire ure eeruduwado meriri kodurewuji, ure eeruduwado meriri rerewuji. Ure eeruduwa kimodo oino.		A aqueles a quem se deu, ele ainda lhes da sabedoria para agir. Por isso lhes ensinou o avião, lhes ensinou o carro. E ainda continua ensinando-lhes.	
PC.041	40	HISTÓRIA DE PEMO – COQUEIRO – MERURI, 1974	Dukodire , kodure boetojiboe pemegakare: pega pegare. Kodire boiboere pemegare. Kurikare, mare pemegare, mare jorduware, mare roiware.		Por isso o que veio antes não está bem; está mais ou menos. Por isso o que veio de último está bem. Não é grande, mas está bem, sabe, tem capacidade.	
PC.042	1	HISTÓRIA DE PEMO – COQUEIRO – MERURI, 1974	Jakomea Atugojebado aiwore tu.... jordure tuwurimagei.		A mulher Jakomea Atugojebado estava observando e viu (chegar) os seus irmãos (parentes) mais velhos.	
PC.043	2	HISTÓRIA DE PEMO – COQUEIRO – MERURI, 1974	Aiwore tu... icare epuredugodure.		Ficou observando e viu que eles se aproximavam.	
PC.044	3	HISTÓRIA DE PEMO – COQUEIRO – MERURI, 1974	Dukeje icare ure taiwodo Braedugume aoto, ure oeku kowuje.		Então ela ficou procurando na cabeça de Braedugume, e comendo os piolhos dele.	
PC.045	4	HISTÓRIA DE PEMO – COQUEIRO – MERURI, 1974	Du kodi icare ure nore kori butudo Braedugume jokuto.		Assim ela fez Braedugume dormir.	
PC.046	5	HISTÓRIA DE PEMO – COQUEIRO – MERURI, 1974	Kodi icare unudure, unudure, nowu aredu uwurimage epuredugodukeje.		Assim ele ficou dormindo enquanto se aproximavam os irmãos mais velhos daquela mulher.	
PC.047	6	HISTÓRIA DE PEMO – COQUEIRO – MERURI, 1974	Icare etaregodure. Boekare, Braedugume unudure marigudu.		Quando eles chegaram, eis que Braedugume já estava dormindo.	
PC.048	7	HISTÓRIA DE PEMO – COQUEIRO – MERURI, 1974	Du kodi icare ere tugeragu nowu Pemoji. Eiwogunure ji.		Assim eles pegaram o Pemo. Estavam robando-o .	
PC.049	8	HISTÓRIA DE PEMO – COQUEIRO – MERURI, 1974	Mare koia, koiare ere eiwogudo pudui.		Mas foi por ele mesmo. Ele mesmo que fez que eles o roubassem.	
PC.050	9	HISTÓRIA DE PEMO – COQUEIRO – MERURI, 1974	Icare eture apo. Ere taredo to ikato apo. Icare eture apo. Pemo tabore eregodure.		E foram embora com ele. Pularam com ele na sua canoa. E fugiram levando consigo Pemo.	
PC.051	10	HISTÓRIA DE PEMO – COQUEIRO – MERURI, 1974	Dukeje icare Braedugume jetadure. Ure tuie maedo tu ... aiwore tu... Pemo muga kae. Boekare! Muga kedore.		Depois Braedugume acordou. Estendeu a vista... observou para o lugar onde Pemo ficava. Nada. O lugar estava vazio.	
PC.052	11	HISTÓRIA DE PEMO – COQUEIRO – MERURI, 1974	Akore uu! Kaiba Pemo kodure?		Perguntou: - Oh! Para onde foi Pemo?	
PC.053	12	HISTÓRIA DE PEMO – COQUEIRO – MERURI, 1974	Boekare! Nowu aredu akore A! Iwurimagere marigudu apo.		Então a mulher respondeu: - Ah! Os meus parentes já o levaram embora.	
PC.054	13	HISTÓRIA DE PEMO – COQUEIRO – MERURI, 1974	Akore Kirabodu! Dukejere icare ure tugeragu tagu kurugoji, ure tugeragu tagu rekoji, ure tugeragu to ipo bigoduji, icare uture to ika kae.		Ele disse: - Caramba! Em seguida pegou seu preá, pegou seu papagaio e sua vara comprida, e dirigiu-se para sua canoa.	
PC.055	14	HISTÓRIA DE PEMO – COQUEIRO – MERURI, 1974	Ure taredo to ikato, icare kodo jii... kodure jii... eregodaji		Pulou na sua canoa e foi indo... remou muito tempo atrás deles.	
PC.056	15	HISTÓRIA DE PEMO – COQUEIRO – MERURI, 1974	Aiwore... A! Jordure ei.		Observou... Ah! Ele os viu.	
PC.057	16	HISTÓRIA DE PEMO – COQUEIRO – MERURI, 1974	Ure tuiodo to ika keje, aregodure etae.		Empurrou forte sua canoa, até que os alcançou.	
PC.058	17	HISTÓRIA DE PEMO – COQUEIRO – MERURI, 1974	Ure to ipo bigodu rakojedo, icare ure tagu reko barigu oto kae.		Pôs em pé a sua vara comprida e jogou seu papagaio na ponta dela.	
PC.059	18	HISTÓRIA DE PEMO – COQUEIRO – MERURI, 1974	Dukejere icare nowu ako reko makore: bataru keadure, ako kowodure. Ure tuwadaru butudo tori poroto, jerigi poroto.		Aí o papagaio começou a falar: falava piadas, brincadeiras. Jogava suas palavras nos buracos das pedras e dos paus (falava para todo lado).	
PC.060	19	HISTÓRIA DE PEMO – COQUEIRO – MERURI, 1974	Dukejere icare cewu ime etaiwore nowu rekoji akoi tumago tabo dudji nowu ipo oto keje.		Aí os homens ficaram observando o papagaio que falava na ponta da vara.	
PC.061	20	HISTÓRIA DE PEMO – COQUEIRO – MERURI, 1974	Dukejere nowu aku kurugo ure taredo toro nowu ime eno ikato. Ure tudugu cewu Pemoji, ure tudugu kuda mato nowu Braedugume ikato, nowu ime epaga keje.		Então o preá dele pulou na canoa dos homens, pegou Pemo e o carregou para cá para a canoa de Braedugume, sem que os homens percebessem.	
PC.062	21	HISTÓRIA DE PEMO – COQUEIRO – MERURI, 1974	Ure barigu nowu ikato kuri tuku je. Dukejere Braedugumere tugirimi paci nowu ime eibagi.		Jogou-o logo na canoa e rápidamente Braedugume regressou de onde estavam os homens.	
PC.063	22	HISTÓRIA DE PEMO – COQUEIRO – MERURI, 1974	Rore cai turegodui apo kodi nowu ime epiji.		Sumiu daqueles homens correndo com ele.	
PC.064	23	HISTÓRIA DE PEMO – COQUEIRO – MERURI, 1974	Nowu ime eeruduwakare. Emearudaere nowu Pemo mugu kimoie nowu ika tada duji.		Os homens não sabiam. Pensavam que Pemo ainda estava dentro da canoa.	
PC.065	24	HISTÓRIA DE PEMO – COQUEIRO – MERURI, 1974	Nowu ime eiamedu boe aiwore coboje reko akoi tago kowodu tabo duji, tuwadaru keadu tabo duji.		Os homens todos estavam observando para cima para o papagaio que falava brincadeiras, que contava piadas.	
PC.066	25	HISTÓRIA DE PEMO – COQUEIRO – MERURI, 1974	Dukodire eerudukare kurugoi ecewu turegodure tabowu Pemo barigu Braedugume o ika to duji.		Por isso eles não viram o preá jogar na canoa de Braedugume o Pemo que eles tinham roubado.	
PC.067	26	HISTÓRIA DE PEMO – COQUEIRO – MERURI, 1974	Emearudae tugu kimore tu... ecewu Pemo muguie to ika tada duji.		Eles julgavam que Pemo estava ainda na sua canoa.	
PC.068	27	HISTÓRIA DE PEMO – COQUEIRO – MERURI, 1974	Icare Braedugumere marigudu eibagi ecewu to Permo tabo.		Braedugume, porém, já tinha ido embora deles com o seu Pemo.	
PC.069	28	HISTÓRIA DE PEMO – COQUEIRO – MERURI, 1974	Dukejere icare ere boe pa nowu to Pemo bogai.		Foi depois que eles perceberam o que tinha acontecido com o seu Pemo.	
PC.070	29	HISTÓRIA DE PEMO – COQUEIRO – MERURI, 1974	Icare aregodure apo tuwai kae.		Então (Braedugume) chegou com ele (com Pemo) na sua casa.	
PC.071	30	HISTÓRIA DE PEMO – COQUEIRO – MERURI, 1974	Akore ji: - Woere amugure, woere apadure. Mare aregodure ipiji, mare ature ipiji. Ire akowagedo, ire akududo, mare ature ipiji, aregodure ipiji.		(Então queixou-se com ele) dizendo: - Era aqui que você estava, aqui que você ficava. Mas você fugiu de mim, você foi embora de mim. Eu dava de comere e beber para você, mas você foi embora de mim, você fugiu de mim.	
PC.072	31	HISTÓRIA DE PEMO – COQUEIRO – MERURI, 1974	Oinore Braedugume akore Pemoji.		Foi assim que Braedugume falou para Pemo.	
PC.073	1	HISTÓRIA DE PEMO – COQUEIRO – MERURI, 1974	Icare Pemo aidure tuwo padudo pugeje.		Depois Pemo quis fazer-nos ir embora de novo.	
PC.074	2	HISTÓRIA DE PEMO – COQUEIRO – MERURI, 1974	Icare ure nowu tumagore jiwu ime edo marido pemegado.		Aí ele mandou homens de sua confiança prepararem buriti (talos de butiti).	
PC.075	3	HISTÓRIA DE PEMO – COQUEIRO – MERURI, 1974	Ure edo kado jii je. Icare itodure, makaguragare, dukejere icare ure edo kogudo, okwaborado jii je.		Fez que cortassem muito. Quando tinha bastante, muito mesmo, mandou amarrar, em forma de esteira.	
PC.076	4	HISTÓRIA DE PEMO – COQUEIRO – MERURI, 1974	Ure remagu nowu poboji, ukare turugadu. Ere kogudo pugeje jii je. Icare ure remagu nowu poboji pugeje. Dutabore icaree ure turugadu nowu poboji.		Ele mediu (o comprimento da esteira com a largura do rio) e não deu. Ele ainda amarrou bastante, e depois mediu de novo. Desta vez já dava para atravessar o rio.	
PC.077	5	HISTÓRIA DE PEMO – COQUEIRO – MERURI, 1974	Dukejere icare ure bu nowu pobo kajeje. Icare ure udo turugadu.		Aí ele colocou (a esteira de buriti) através do rio. E Deixou tudo pronto.	
PC.078	6	HISTÓRIA DE PEMO – COQUEIRO – MERURI, 1974	Dukejere icare ure akego pai, ure pawarududo pugeje. Ure pado pagado ecewu maridoji toro bakowuto.		Depois nos fez apressar e no fez mudar dali. Fez-nos atravessar, por cima do buriti, para o outro lado.	
PC.079	7	HISTÓRIA DE PEMO – COQUEIRO – MERURI, 1974	Dutabore, kodure puregodajiwuge emearudure pu okwa bataru ji . Kodure eregodajiwuge emearudukare nowu kodure tododaiwuge enogwa bataru ji .		Aí, os que iam perto uns dos outros escutavam a fala uns dos outros, mas os que iam longe uns dos outros não se escutavam uns os outros.	
PC.080	8	HISTÓRIA DE PEMO – COQUEIRO – MERURI, 1974	Eture pijiwu ewororo eeda iere Anabo Bororo. Nowu ere pagado kajejewu pobo iere Bakurebo Po. Nowu ere pagado jiwu iere Marido.		O lugar da aldeia de onde eles foram embora chama-se Anabo Bororo. O rio que eles atravessaram chama-se Bakurebo Pó . A ponte pela qual eles passaram chamava-se buriti.	
PC.081	9	HISTÓRIA DE PEMO – COQUEIRO – MERURI, 1974	Ere pagado jitu tabore icare pawadaru padure pumekeje.		Quando eles atravassavam nele foi que a nossa língua se diferenciou.	
PC.082	10	HISTÓRIA DE PEMO – COQUEIRO – MERURI, 1974	Nonore icare cere tagie to: Barae. Tagie metuiare Kuiawe.		Foi então que nós demos a vocês o nome de Barae. Um outro nome de vocês é Kuiawe. (os mesmos que robaram Pemo de Braedugume)	
PC.083	11	HISTÓRIA DE PEMO – COQUEIRO – MERURI, 1974	Cemagore jiwu tagie reno. Nowu tagie jire ceiamedu jorduware.		É esse o nome que nós demos a vocês. Nós todos sabemos esse nome de vocês.	
PC.084	12	HISTÓRIA DE PEMO – COQUEIRO – MERURI, 1974	Nono pawadarure tuginoi pugeje. Cemagore Barae, ino taiameduji. Nono tagagore Bororo, ino ceiameduji.		Aí as nossas línguas ficaram diferentes uma da outra. Nós chamamos todos vocês de Barae, e vocês chamaram todos nós de Bororo.	
PC.085	1	HISTÓRIA DE PEMO – COQUEIRO – MERURI, 1974	Dukejere icare ia imedu kodure woe tuginoigodu jordure kuidoji taguce.		Depois disso, um homem andava por aí sozinho e encontrou uma arara amarela para si.	
PC.086	2	HISTÓRIA DE PEMO – COQUEIRO – MERURI, 1974	Icare ure baado pugeje. Ure tuwai mugudo, icare ure ecewu tagu kuido barigu ecewu tuwai ao kae. Dutabore nowu imedu mugure tuwai tada.		Depois ele fez pouso, construiu sua casa e jogou sua arara amarela para cima da casa e ficou morando aí.	
PC.087	3	HISTÓRIA DE PEMO – COQUEIRO – MERURI, 1974	Dukejere icare cewu aku kuido akogodure. Oinore akore tumugui!		Depois a arara dele começou a falar. Falava muito ali sentada.	
PC.088	4	HISTÓRIA DE PEMO – COQUEIRO – MERURI, 1974	Icare cewu imedu biapagare tu tagu kuido makoji.Icare mearudu pegare okwa bataru ji . Icare tugugodure nowu tuge kuido akoi tumago tabo duji.		Então o homem escutou a sua arara falando. Depois não entendeu bem o que ela falava e ficou pensando no que a sua arara estava falando.	
PC.089	5	HISTÓRIA DE PEMO – COQUEIRO – MERURI, 1974	Nowu aku kuido akore biagai: Arua, Arua, oino biegai.		A sua arara falava assim para ele: Arua! Arua!	
PC.090	6	HISTÓRIA DE PEMO – COQUEIRO – MERURI, 1974	Icare nowu imedu akore I! ... Arua Bororo kirabo ra imugure oino!		Então o homem exclamou: Ih! ... Eis que eu estou na Aldeia do Espíritu Arua!	
PC.091	7	HISTÓRIA DE PEMO – COQUEIRO – MERURI, 1974	Icare nowu imedu ure tuiebu. Ure tuiemaedo tu...		Então o homem saiu da casa. Olhou para todo lado...	
PC.092	8	HISTÓRIA DE PEMO – COQUEIRO – MERURI, 1974	Dukejere icare ure boe jodo boe keje, icare ure boe akudo. Icare ure boe to boe aoporurewuji, ure boe to joruboji, nowu tuiogora piji. Icare ure boe akurugodudo nono tuiogorai.		Depois começou a derrubar o mato e foi limpando. Abaixou os barrancos e tirou os tropeços da frente de sua casa, deixando tudo limpo na sua frente.	
PC.093	9	HISTÓRIA DE PEMO – COQUEIRO – MERURI, 1974	Icare boecodure, barogwa kododure.		Depois anoiteceu e amanheceu.	
PC.094	10	HISTÓRIA DE PEMO – COQUEIRO – MERURI, 1974	Mugure tu... tuwai tada, dukejere biapagare tu... ia boe emagore.		Estava dentro da sua casa quando escutou alguém falar.	
PC.095	11	HISTÓRIA DE PEMO – COQUEIRO – MERURI, 1974	Akore uu! Inoba boere pugeje?		E disse: - Oh! O que está acontecendo de novo?	
PC.096	12	HISTÓRIA DE PEMO – COQUEIRO – MERURI, 1974	Icare ure taiwodo, aiwore tu.. Joku buture tai aroe ewugeje.		Aí pôs-se a observar... de repente viu uns seres.	
PC.097	13	HISTÓRIA DE PEMO – COQUEIRO – MERURI, 1974	Akore Kakoduwu aroe tagiba tagaregodure? Tagodure, tabadure boe kajeje?		E perguntou: - Que classe de seres são vocês que chegaram? Que andaram atravessando os lugares?	
PC.098	14	HISTÓRIA DE PEMO – COQUEIRO – MERURI, 1974	Egore Boe kodiwu aroe cegi karegao. Aroe cuguie cegireo.		Responderam: - Nós não somos seres quais quer. Nós somos os espíritos tucaninhos.	
PC.099	15	HISTÓRIA DE PEMO – COQUEIRO – MERURI, 1974	Nonore icare merure tugerogu bogai.		Aí ele foi andar procurando comida.	
PC.100	16	HISTÓRIA DE PEMO – COQUEIRO – MERURI, 1974	Ure ceno tadawu barugi oiaga ure jeto tuwai otoji. Ure taogajejewu ba ure jeto tabo tuwai tada. Du pijire merure tugerogu bogai.		Guardou dentro de sua casa o seu enfeite de nariz feito de penas de rabo de gaviãozinho. E guardou também junto com ele o seu diadema de palha. E daí saiu a procura de alimento.	
PC.101	17	HISTÓRIA DE PEMO – COQUEIRO – MERURI, 1974	Du uiagejere icare ia imedu aregodure tugudawu kodokora enaboa tabo. Iedure tubowari aokoboji.		Na sua ausência chegou um homem com sua esteira trançada. Trazia também uma cabacinha.	
PC.102	18	HISTÓRIA DE PEMO – COQUEIRO – MERURI, 1974	Aiwore tu..nowu tumeduia uwaice. Ure tugogado boe ji pugeje..Ure taiwodo tu...nowu tumeduia uwororoji. Icare tugugodure nowu tumeduia uwororoji.		Ficou observando a casa do seu colega. Ficou pensando... Observou o pátio do se colega e ficou pensando como era o patio do colega.	
PC.103	19	HISTÓRIA DE PEMO – COQUEIRO – MERURI, 1974	Dukejere icare ure tamudo nowu tumeduia uwai paru.		Depois ficou descansando perto da casa do colega.	
PC.104	20	HISTÓRIA DE PEMO – COQUEIRO – MERURI, 1974	Dukejere icare nowu metuia aregodure. Aiwore tu... nowu tumeduiaji.		Depois o outro chegou e viu aí o colega.	
PC.105	21	HISTÓRIA DE PEMO – COQUEIRO – MERURI, 1974	Akore Akaregodure? Nowu metuia akore uu! Itaregodure.		Ele comprimentou-o dizendo: - Você chegou? O colega respondeu: - Sim! Eu cheguei.	
PC.106	22	HISTÓRIA DE PEMO – COQUEIRO – MERURI, 1974	Akore Kaiba kejeba amugure?		E pergundtou-lhe: - Aonde você mora?	
PC.107	23	HISTÓRIA DE PEMO – COQUEIRO – MERURI, 1974	Nowu metuia akore Boe keje karega imugure: Arua Bororo kejere imugure.		O colega respondeu: - Eu não estou em um lugar qualquer. Eu estou na aldeia do Espírito Arua.	
PC.108	24	HISTÓRIA DE PEMO – COQUEIRO – MERURI, 1974	Boekare! Nowu metuia akore: M! M! Imire itonagodo ji, imire itonagodo ji, imire itonagodo ji.		Então o outro disse: M!M!Eu que sou o dono. Eu que sou o dono. Eu que sou o dono.	
PC.109	25	HISTÓRIA DE PEMO – COQUEIRO – MERURI, 1974	Nowu metuia akore Boro! Ukare ino! Inaire itogeadure Arua Bororoji.		O primeiro respondeu: - Não. De jeito nenhum! Foi para mim que eu encontrei a aldeia do Espírito Arua.	
PC.110	26	HISTÓRIA DE PEMO – COQUEIRO – MERURI, 1974	Inaire iordure Arua Bororoji.		Foi para mim que eu vi a aldei do Espírito Arua.	
PC.111	27	HISTÓRIA DE PEMO – COQUEIRO – MERURI, 1974	Boekare! Nowu metuia akore: M.! M!. M! Ukare ino! Ukare ino! Ukare ino! Inaire akogeadure Arua Bororoji.		Mas ou outra respondeu: M! M! M! De jeito nenhum! Foi para mim que você encontrou a Aldeia do Espírito Arua.	
PC.112	28	HISTÓRIA DE PEMO – COQUEIRO – MERURI, 1974	Akore Boro! Ukare ino! Inaire itogeadure Arua Bororoji .		Ele respondeu: Nào! Não é assim! Foi para mim que eu encontrei a aldei do Espírito Arua.	
PC.113	29	HISTÓRIA DE PEMO – COQUEIRO – MERURI, 1974	Boekare! Nowu metuia akore: M! M! M! Ukare ino! Ukare ino! Ukare ino! Inaire akogeadure Arua Bororoji, du kodire imire itonagodumode Arua Bororoji. Akire akiemode Arua. Imire itonagodumode Bororo remawuji. Akire akiemode nowu Bororo. Imire itonagodumode nowu Bororo remawuji		Nada! A colega respondeu: De jeito nenhum! Foi para mim que você encontro a aldeia do Espírito Arua, por isso é a mim que vai pertencer a Aldeia do Espírito Arua. Você vai se chamar Arua, e eu seréi o dono da aldeia. Você levará o nome da aldeia e eu serei o encarregado dela mesmo.	
PC.114	30	HISTÓRIA DE PEMO – COQUEIRO – MERURI, 1974	Ukare tu je. Nowu metuiakare mak’ai. Akokare: uu! Ema rugadu, ino.		Nada. O colega não lhe cedeu a aldeia. Nào disse: Sim! Está bem!	
PC.115	31	HISTÓRIA DE PEMO – COQUEIRO – MERURI, 1974	Du kodi karega ure cewu tugudawu kodokora rekodure tabo, ure baado tuguda nowu bororo oia keje, ure tumugudo keje tuku, togwa kidu okori koia.		A pesar disso ele (o outro) foi com sua esteira, a estendeu no meio da praça e sentou-se nela, dominado pela ambiçào.	
PC.116	32	HISTÓRIA DE PEMO – COQUEIRO – MERURI, 1974	Du kodi icare ukare tumeduia akoiwado pudui, ukare makodo pudui.		Assim ele não deixou o companheiro falar para ele, não deixou lhe responder.	
PC.117	33	HISTÓRIA DE PEMO – COQUEIRO – MERURI, 1974	Ure tumugudo nowu tugodokora keje, du tabore ure cewu tubowari aokobo ure tugera tugu to, ure akodo: koro koro koro! Jii je.		Sentou-se na sua esteira e foi tocando sua cabacinha durante muito tempo.	
PC.118	34	HISTÓRIA DE PEMO – COQUEIRO – MERURI, 1974	Dukejere cewu ure taodowu boe emearudure nowu upowari aokobo akoji.		Então o povo que estava por ali espalhado escutou o som da sua cabacinha.	
PC.119	35	HISTÓRIA DE PEMO – COQUEIRO – MERURI, 1974	Dukeje icare eture ako paruto. Eeku akemore nowu ako parugajeje, du kodi icare eture toro ako paruto.		E logo dirigiram-se no rumo do som da cabacinha. Ficaram gostando muito desse som e por isso dirigiram-se no rumo dele.	
PC.120	36	HISTÓRIA DE PEMO – COQUEIRO – MERURI, 1974	Etaregodure nowu Bororo okwa kae. Aiwore ei tu je. Enoerogure tu je. Akore Nonore tamugure.. Oino ei.		Chegaram na beira da praça. Ele observou-os. Estavam enfeitados. Então disse para eles: - Podem sentar-se aí.	
PC.121	37	HISTÓRIA DE PEMO – COQUEIRO – MERURI, 1974	Aiwore: iage etaregodure. Boekare nowugere icare enoroe bokware.		Observou: Outros estavam chegando. Mas estes não tinham enfeites.	
PC.122	38	HISTÓRIA DE PEMO – COQUEIRO – MERURI, 1974	Ure turagojedo etae. Ure boe to ei ca! Unure ewido, enoroe bokware kodi.		Levantou-se efoi no rumo deles e foi batendo neles. Estava matando-os por não terem enfeites	
PC.123	39	HISTÓRIA DE PEMO – COQUEIRO – MERURI, 1974	Oinore rore boi jii je. Oroerewuge ukare ewido. Oroe bokwarewuge ure ewido tu tu tu je, boe etagedu kae.		Assim que ele sempre fazia com os Bororo. Poupava os que tinham enfeites e matava os que não tinham nada, até acabar com eles.	
PC.124	40	HISTÓRIA DE PEMO – COQUEIRO – MERURI, 1974	Icare uwie akore nowu tumanaji, akore: 0 uu! ... Imana! Icare are boe eda kedodo. Aro kaba ino!Iare are boe ewido, iarema akaba boe ewido!		Então o mais novo falou para o mais velho dizendo: Oh! Meu irmão! Você acabou com os Bororo! Não faça isso! Não mate sempre! Mate só algumas vezes!	
PC.125	41	HISTÓRIA DE PEMO – COQUEIRO – MERURI, 1974	Du kodi icare iaboere ure ewido, iaboere ukare ewido.		Por isso (daí para frente) ele só matava alguns e outros não matava.	
PC.126	42	HISTÓRIA DE PEMO – COQUEIRO – MERURI, 1974	Du kodi icare nowu uwie iere Uiagudu Maga, okudure boe ebo kodi.		Por isso o imão mais novo chama-se Uiagudu Maga (muito compassivo). porque se compadeceu com os Bororo.	
PC.127	43	HISTÓRIA DE PEMO – COQUEIRO – MERURI, 1974	Nowu umana iere Ewidojeba, ukigodure ewido kodi.		O mais velho chama-se Ewidojeba (matador deles) porque costumava matá-los.	
PC.128	44	HISTÓRIA DE PEMO – COQUEIRO – MERURI, 1974	Nowu umana iere Akaruio Bokodori (Bak Ec.), ie boetojiwu.		O mais velho chama-se também Akaruio Bokodori (Bak. Ec.) , esse era o seu primeiro nome.	
PC.129	45	HISTÓRIA DE PEMO – COQUEIRO – MERURI, 1974	Nowu uwie iere oinono: Uiagudu Maga.		O mais novo chamava-se: Uiagudu Maga (muito compassivo).	
PC.130	1	HISTÓRIA DE PEMO – COQUEIRO – MERURI, 1974	Dutabore icare uture boe ebo jii ... Torowari paruto, Toduio Bororo kae.		Então foi embora com os Bororos até o pé do morro do gavião Torowa, para a aldeia Toduio.	
PC.131	2	HISTÓRIA DE PEMO – COQUEIRO – MERURI, 1974	Ere boe akudo.Ere boe aku kurido.		Fizeram um limpo, fizeram um limpo grande.	
PC.132	3	HISTÓRIA DE PEMO – COQUEIRO – MERURI, 1974	Ere tudo pui, icare egore Inoba pagagomode awu moto akuji.		Reuniram-se e disseram: - Como vamos chamar esta terra limpa?	
PC.133	4	HISTÓRIA DE PEMO – COQUEIRO – MERURI, 1974	Egore Pagagomodukare ji. Pare towuje, pare akudo, du kodire pagagomode ji: Toduio Bororo. Oinore pagagomode ji.		Responderam: - Não lhe vamos dar nome. Fomos nós que a fizemos, fomos nós que a limpamos, por isso vamos chamá-la Toduio Bororo (Aldeia Feita). Assim que vamos chamá-la.	
PC.134	5	HISTÓRIA DE PEMO – COQUEIRO – MERURI, 1974	Egore uu! Oinore pagagomode ji rugadu.		E confirmaram: - Sim! É assim mesmo que vamos chamá-la.	
PC.135	6	HISTÓRIA DE PEMO – COQUEIRO – MERURI, 1974	Dukodire , ie rugadu reno, akaru rugadu reno, nonore pagagomode ji rugadu.		Por tanoto, esse é seu nome mesmo, essa é sua fama mesmo, é asssim que vamos chamá-la.	
PC.136	7	HISTÓRIA DE PEMO – COQUEIRO – MERURI, 1974	Dukeje icare ere iogwarido, egore -Wo! Oino ji.		Em seguida a aclamaram dizendo: - Oh! ...Assim para ela.	
PC.137	1	HISTÓRIA DE PEMO – COQUEIRO – MERURI, 1974	Jerigi Otojiwu ure turawuje Torowari joki... moto kae. Aregodure moto kae, ure tuiemaedo tu... boe ewogai. Boekimore. Aroe Pore Boe eeda kedodo!		Jerigi Otojiwu desceu do morro Torowari. Quando chegou lá embaixo estendeu a vista a procura dos Bororo. Nada. A inundação tinha acabado com os Bororo.	
PC.138	2	HISTÓRIA DE PEMO – COQUEIRO – MERURI, 1974	Icare kodure kuri tuwai mugurewo kae. Ure tuwai mugudo tuwai mugaji tu.		Foi logo ao lugar onde ficava sua casa e construiu outra no mesmo lugar.	
PC.139	3	HISTÓRIA DE PEMO – COQUEIRO – MERURI, 1974	Ure tuwai iado tu.. A! Icare ure turemo to.		Tendo terminado de construir a sua casa... Ah ! Entrou nela.	
PC.140	4	HISTÓRIA DE PEMO – COQUEIRO – MERURI, 1974	Mugure tu... Ure tado tuwai otoji tu... ure tumearudaedo tu tu... je		Sentou-se e ficou observando o interior de sua casa... ficou pensando só.	
PC.141	5	HISTÓRIA DE PEMO – COQUEIRO – MERURI, 1974	Dukejere icare Pemore mearudae maku ai pugeje. Ecewu tago tagore eiwoji pugeje.		Depois Pemo iluminou-o de novo... Como costumava fazer sempre com eles (com os Bororo).	
PC.142	6	HISTÓRIA DE PEMO – COQUEIRO – MERURI, 1974	Mare jordukare Pemoji pugeje tuiorduware jiwore.		Mas ele agora já não via Pemo como antigamente.	
PC.143	7	HISTÓRIA DE PEMO – COQUEIRO – MERURI, 1974	Mare mearudaekare Pemo koiaie ure tumearudae maku pudai duji. Mearudaere pudumi rugaduie tuiorduware nowu tumearudaeji.		Também não pensava que era Pemo que o estava inspirando. Pensava que era ele mesmo que sabia pensar assim.	
PC.144	8	HISTÓRIA DE PEMO – COQUEIRO – MERURI, 1974	Mearudaere pudumie tumearudaere nowu tuiorduware jiboe ji.		Achava que era ele mesmo que pensava essas coisas que sabia.	
PC.145	9	HISTÓRIA DE PEMO – COQUEIRO – MERURI, 1974	Dukodire mearutorunure pudui rugadu. Ocarunure pudui. Mearudukare Pemo koiaie ure tumearudae tuiordae, tuioruduwa, tagoiwa, tuwadariwa, tudugui tu oino boeto tumearudae bogai duji.		Por isso acreditava em si mesmo. Estava soberbo mesmo. Não pensava que era Pemo que infundia nele seu pensamento, sua visão, seu saber, seu falar, sua palavra...	
PC.146	10	HISTÓRIA DE PEMO – COQUEIRO – MERURI, 1974	Icare boecodure. Icare ure tuiorugo. Ure tubarogu pemegado tunuduwo.		Quando chegou a noite ele fez fogo e arrumou sua cama para dormir.	
PC.147	11	HISTÓRIA DE PEMO – COQUEIRO – MERURI, 1974	Icare Pemore nore korido jokuji. Icare Pemore unududo jii je.		Depois Pemo lhe mandou o sono e o fez dormir toda a noite.	
PC.148	12	HISTÓRIA DE PEMO – COQUEIRO – MERURI, 1974	Icare Pemore jetadudo. Aiwore tu je ma, ba aregodure rugadu.		Depois Pemo o acordou. Ele observou: tinha amanhecido mesmo.	
PC.149	13	HISTÓRIA DE PEMO – COQUEIRO – MERURI, 1974	Aiwore tu... Boekare! Ure tuiebu jii baawadu kae. Ure tuiemaedo tu...		Observou... Depois saiu para o relento. Olhou para todo lado..	
PC.150	14	HISTÓRIA DE PEMO – COQUEIRO – MERURI, 1974	Dukejere icare Pemore akoiwado. Dukejere icare ure ocago, ure akodo: “Barogwa kododu”, oino toja tabo.		Depois Pemo lhe deu o poder de se expressar. Fez que assobiasse, e o fez dizer: “Está amanhecendo”, falando por assobio.	
PC.151	15	HISTÓRIA DE PEMO – COQUEIRO – MERURI, 1974	Pemo koiare ure akodino Boe ewogai, ecewu pobo Aroe Po ure jeta kedodowu boe ewogai.		Era Pemo quem o fazia se expressar assim chamando os Bororo que a água da grande Inundação tinha exterminado.	
PC.152	16	HISTÓRIA DE PEMO – COQUEIRO – MERURI, 1974	Mare nowu imedu jorduwakare Pemo koiaie ure tuirduwado tojagoduwo oinono boe ewogai.		Mas esse homem não sabia que era Pemo que lhe estava ensinando a assobiar chamando os Bororo.	
PC.153	17	HISTÓRIA DE PEMO – COQUEIRO – MERURI, 1974	U! Ba aregodu jamedu jire Pemore ocago ocago boe ewogai tu tu tu je.		Sim! Todas as manhãs, Pemo o fazia assobiar chamando sempre os Bororo.	
PC.154	18	HISTÓRIA DE PEMO – COQUEIRO – MERURI, 1974	uu! Okwa kiarigodukare tagoi toja tabo duji tu tu tu tu..je.		Oh! Os seus lábios não cansavam de falar por assobio sempre sempre.	
PC.155	19	HISTÓRIA DE PEMO – COQUEIRO – MERURI, 1974	Icare Pemore akego boei oca paruto.		Finalmente Pemo fez os Bororo desejarem ir no rumo do assobio.	
PC.156	20	HISTÓRIA DE PEMO – COQUEIRO – MERURI, 1974	Dukejere icare boecodure pugeje. Ia boeco keje ure tuiebu... Aiwore tu... ure tuiemaedo tu... Aroe Eimejerare ia mearudae mak´ai pugeje.		Depois anoiteceu de novo. Uma noite ele saiu (de casa), ficou observando... olhou para todo lado...Deus lhe deu novamente uma ideia.	
PC.157	21	HISTÓRIA DE PEMO – COQUEIRO – MERURI, 1974	Ure okeado, ure akodo: - uu! Bure! Imoduna boe enojado? M! uu! Turagojei baawadukeje.		O fez desejar, e o fez dizer: - Oh! Então! Será que eu vou fazer os Bororo assobiar? M! Oh! Estava em pé no relento.	
PC.158	22	HISTÓRIA DE PEMO – COQUEIRO – MERURI, 1974	Ikurudure tu je. Dukejere icare ure turemo, ure tumugudo tu tuioru okwai, ure nowu tuioru ako tu je, icare ure jorugo.		Verteu água, depois entrou de novo, sentou-se na beira do fogão, ateou o fogo e o acendeu.	
PC.159	23	HISTÓRIA DE PEMO – COQUEIRO – MERURI, 1974	Dukejere icare ocagodure pugeje, ecewu tagorewoji, akore: “Barogwa kododu!” . Oino.		Depois assobiou de novo como antes, dizendo: “Está amanhecendo!”. Assim.	
PC.160	24	HISTÓRIA DE PEMO – COQUEIRO – MERURI, 1974	Boekare! Biapagare cewu toja rekodaji tu je ma...Boere ino rugadu. Boe egore gigi gigi gigi, ba okwaji.		Nada! Ficou escutando a resposta do seu assibio... Era assim mesmo: Os Bororos responderam: gigi gigi gigi (assobiando), na beira da aldeia.	
PC.161	25	HISTÓRIA DE PEMO – COQUEIRO – MERURI, 1974	Boekare! Akore Aró! Ceboere! I bokwamode tagojago?		Então ele disse: - Ora bolas!! Eu não ia fazer vocês assobiar?	
PC.162	26	HISTÓRIA DE PEMO – COQUEIRO – MERURI, 1974	Dukejere ure turagojedo taci. Ure tugeragu taci ecewu tuioru upea paruji. Ure tuiebu tabo taci, ecewu tuwai piji.		Levantou-se logo, pegou rapidamente um tição e saiu com ele de sua casa.	
PC.163	27	HISTÓRIA DE PEMO – COQUEIRO – MERURI, 1974	Kodo tabo ba oiado. Ure uru bu tu ba oiadoda. Ure urugo tu... ure uru kurido, nowu ocare ino Boe ewogai.		Foi com ele para o meio da aldeia e colocou ali o fogo. O fez dar chama, e fez a chama crescer, para (ver) os Bororo que assobiaram.	
PC.164	28	HISTÓRIA DE PEMO – COQUEIRO – MERURI, 1974	Upagare toro ewogai tu je, etaregodu bogai. Boekare! Etaregodukare. Boe erore já tuku.		Ficou esperando a chegada deles. Nada! Não chegaram. Eles sumiram.	
PC.165	29	HISTÓRIA DE PEMO – COQUEIRO – MERURI, 1974	Meri ruture tu... ure tuiemaedo tu... ba okwaji, jordukare Boei. Jordukare ecewu ocare ino boe ji.		Quando o sol já estava alto, ele extende a vista ao redor da aldeia e não viu ninguém. Não viu os Bororo que tinham assobiado assim.	
PC.166	30	HISTÓRIA DE PEMO – COQUEIRO – MERURI, 1974	Icare kiarigodure. Pemo koiare ure kiarigo. Ure akodo: - M! Inoba imode irodo?		Depois ficou triste. Pemo o fez ficar triste e o fez dizer: M! Como eu vou fazer?	
PC.167	31	HISTÓRIA DE PEMO – COQUEIRO – MERURI, 1974	U! Boekare! Icare jekaregodure pugeje, akore Boro! Inure Boedo tuguo! Imodukare inogwa ra!		Oh Nada! Logo começou a ficar alegre e disse: - Não! Eu estou fazendo aparecer os Bororo! Eu não vou desistir!	
PC.168	32	HISTÓRIA DE PEMO – COQUEIRO – MERURI, 1974	Dukeje icare ure tuiebu taci, joru tabo pugeje. Ure tuiemaedo tu je ma.. A! Oinore bai gigadure ba okwaji!		Deois saiu com o fogo de novo. Estendeu a vista por todo lado...Ah! Havia muita casa branquejamdo ao redor da aldeia!	
PC.169	33	HISTÓRIA DE PEMO – COQUEIRO – MERURI, 1974	Aiwore tu je ma... Baimanagejewu mugure tumuga keje rugadu!		Observou... A casa ritual estava no seu lugar mesmo!	
PC.170	34	HISTÓRIA DE PEMO – COQUEIRO – MERURI, 1974	Kodure tuioru tabo, ure tuiorugo Bororo keje pugeje tu je. Mare ukare turemo baito uu! Upaganure tu toro baito boe ewogai pugeje.		Correwu levando seu fogo e o acendeu de novo lá no pátio da aldeia. Não entrou porém na casa ritual. Sim! Estava esperando pelos Bororos no rumo da casa ritual.	
PC.171	35	HISTÓRIA DE PEMO – COQUEIRO – MERURI, 1974	U! Mare jorduwakare Pemo koiaie ure boedo tuguo pudai duji. Du kode keadu karega ure. Ocaru bigodunure pudui rugadu, icai tui boe ewaido tuguo duji.		Eh! Mas não sabia que era Pemo que lhe dava o poder de fazer aparecer para si os Bororo. Estava muito orgulhoso porque estava fazendo aparecer as casas dos Bororos.	
PC.172	36	HISTÓRIA DE PEMO – COQUEIRO – MERURI, 1974	uu! Icare bure kiarigodukare turoi joru tabo Bororo kae duji.		Sim! Por isso ele não se cansava de ir sempre ao pátio com fogo.	
PC.173	37	HISTÓRIA DE PEMO – COQUEIRO – MERURI, 1974	Barogwa kododo jamedu jire utu uture joru tabo Bororo kae tu tu tu je. A! Tuiegare tabo.		Todas as manhãs ele sempre ia com o fogo para o pátio, com alegria.	
PC.174	38	HISTÓRIA DE PEMO – COQUEIRO – MERURI, 1974	Dukeje icare boecodure pugeje. Boekare! Barogwa kododure. A! Ocagodure... tagorewoji. Ure tuiebu joru tabo ba oiado, Bororo kae.		Depois anoiteceu e quando amanheceu...Ah Ele assobiou... como de costume. Saiu com o fogo para o meio da aldeia, para o pátio.	
PC.175	39	HISTÓRIA DE PEMO – COQUEIRO – MERURI, 1974	Ure urugo tu je, dukejere icare ia boe aregodure.		Depois que acendeu o fogo, alguém apareceu.	
PC.176	40	HISTÓRIA DE PEMO – COQUEIRO – MERURI, 1974	Nowu aregodure boetojiwure ure iedo Turugudu Pijiwu, akore tuiorugudu pijie aregodure, tugoiwo pigie aregodure, tuge barogo ra, tuge karo ra, tuiorubea paru pijie aregodure, du kodi icare ure iedo Turugudu Pijiwu.		O que chegou primeiro ele o chamou Turugudu Pijiwu (o que vem das suas cinzas) porque falou que vinha das suas cinzas, que vinha do seu cupim, dos ossos de sua caça e de sua pesca, que vinha de sua lenha acessa. Por isso o chamou assim: Turugudu Pijiwu.	
PC.177	41	HISTÓRIA DE PEMO – COQUEIRO – MERURI, 1974	Akore Akaregodure?		Disse: - Você chegou?	Portuguese translation carries the same source number and was merged during documentary import.
PC.179	42	HISTÓRIA DE PEMO – COQUEIRO – MERURI, 1974	Icare boecodure pugeje. Icare barogwa kododure, dukeje icare ia boe aregodure pugeje.		Anoiteceu de novo. E, quando amanheceu, chegou um outro Bororo	
PC.180	43	HISTÓRIA DE PEMO – COQUEIRO – MERURI, 1974	E! ... Barogwa kododo jamedu jire boe etaregodu etaregodure tu tu tu je jii ... je.		Eh! Todas as manhãs sempre alguém chegava e isto durante muito tempo.	
PC.181	44	HISTÓRIA DE PEMO – COQUEIRO – MERURI, 1974	Icare boe eiamedu boe aregodure, dukejere icare uwarudure pugeje boebo.		Depois que todos os Bororo chegaram, ele se mudou daí com os Bororo.	
PC.182	45	HISTÓRIA DE PEMO – COQUEIRO – MERURI, 1974	Kodure Boe ebo jii je. Akore Icare pamode baado nono... Icare boe eedure nono.		Andou muito tempo com eles e depois disse: Agora vamos acampar aí. E ficaram aí.	
PC.183	46	HISTÓRIA DE PEMO – COQUEIRO – MERURI, 1974	Icare barogwa kododure, akore Pawarudumodukare roga. Pawo pagamudo jao, pameruwo iaboerogu bogai pageje. Pawo pagado tu... paerudumode iaboerogu boe ji pageje du bogai.		Na manhã seguinte ele disse: - Nós não vamos mudar ainda. Vamos descansar um pouco. Vamos caçar alguma coisa para nós. Vamos ver se encontramos alguma coisa para comermos.	
PC.184	47	HISTÓRIA DE PEMO – COQUEIRO – MERURI, 1974	Icare boe emerure. Boe ekodure jii... boe eerudure tuborei.		Aí eles foram caçar. Andaram bastante e encontraram os lambaris.	
PC.185	48	HISTÓRIA DE PEMO – COQUEIRO – MERURI, 1974	Bo egore E! Kakodiboe bao? Inoba ureboe bao?		Então perguntaram: - Eh! O que é isto? Como é isto?	
PC.186	49	HISTÓRIA DE PEMO – COQUEIRO – MERURI, 1974	Dukejere icare nowu tubore egore Boe kodiboe cegi karegao, inoba kodiboe cegi karegao. Egore Boe eke cegireo. Tubore, oinore cegiere. Bukerogu tabore boere cewido.		Aí os lambaris responderam: - Nás não somos uma coisa qualquer. – Nós somos alimento dos Bororo. Nós nos chamamos Lambaris. É com rede pequena que os Bororo nos matam.	
PC.187	50	HISTÓRIA DE PEMO – COQUEIRO – MERURI, 1974	Icare boe egore uu! Kode! Bukerogu pa? Paia ewido pageje.		Então os Bororos disseram: Onde está a rede? Queríamos matá-los para nós.	
PC.188	51	HISTÓRIA DE PEMO – COQUEIRO – MERURI, 1974	Icare ecewu bukerogu akore Bukerogu imireo! Bukerogu imireo! Bukerogu imireo! Padure boe kajeje já.. Dutabore akore Bukerogu imireo!		Aí a rede pequena respondeu: - A rede pequena sou eu. Estou aqui! Estou aqui! Estando estendida no chão ela falou assim: - Eu, a rede pequena, estou aqui!	
PC.189	52	HISTÓRIA DE PEMO – COQUEIRO – MERURI, 1974	Icare ecewu Boere tugeragu ji, ere taredo tabo poboto jo.... Icare ere ewido.		Então os Bororo a pegaram e, pulando na água com ela, mataram os peixes.	
PC.190	53	HISTÓRIA DE PEMO – COQUEIRO – MERURI, 1974	Ere etagedudo taci je, dukejere icare ecewu bukerogure tuwogwado pi tuku je.		Logo que acabaram com eles, a rede desapareceu de repente.	
PC.191	54	HISTÓRIA DE PEMO – COQUEIRO – MERURI, 1974	Ere tuiemaedo bogai tu... Egore: uu! Ca! Uradure tuwogwado pagai pugeje!		Procuraram por todo lado.. e falaram: Oh! Eis que ela sumiu de nós!	
PC.192	55	HISTÓRIA DE PEMO – COQUEIRO – MERURI, 1974	U! Ca! Paduwo pugeje. Icare ekodure ebo jii... bato.		Oh! Vamos embora de novo. E logo foram com os peixes para a aldeia.	
PC.193	56	HISTÓRIA DE PEMO – COQUEIRO – MERURI, 1974	Etaregodure ebo, egore Ceiwo aidugirire. Ceerudure awu tubore kugurei pageje. Egore boe eke pudumie, du kodi icare cere ewido oino pageje.		Chegaram com eles e disseram: - Tivemos sorte. Encontramos estes lambaris para nós. Eles falaram que eram alimento dos Bororo, por isso os matamos para nós.	
PC.194	57	HISTÓRIA DE PEMO – COQUEIRO – MERURI, 1974	Egore bukerogu taboie boere tuwido. Kodi icare cedogeare nowu emagore jiboe bogai. Nowu emagore jiboe bogai, nowuge taeruduia, baarodugodu remawunure.		Falaram que era com rede pequena que os Bororos os matavam. Por isso desejamos isso que eles falaram.	
PC.195	58	HISTÓRIA DE PEMO – COQUEIRO – MERURI, 1974	Cedogeare tu... nowu emagore jiboe bogai. Dukejere icare emagore jiboe padure boe kajeje já...		Ficamos desejando aquilo que eles falaram. Depois isso que eles falaram apareceu espalhado no chão.	
PC.196	59	HISTÓRIA DE PEMO – COQUEIRO – MERURI, 1974	Ieripo tabo karega: oinore ure jice boe joki.		Não foi com calma.Ela estava espalhado lá no chão.	
PC.197	60	HISTÓRIA DE PEMO – COQUEIRO – MERURI, 1974	Dukejere icare cere cegeragu ji, icare cere cedaredo tuboreto tabo. Icare cere ewido oino tu je, dukejere icare ure tuwogwado pi tuku!		Aí nós a pegamos e pulamos com ela nos lambaris. Logo que os matamos ela sumiu de repente.	
PC.198	61	HISTÓRIA DE PEMO – COQUEIRO – MERURI, 1974	U! Ire taeruduia, iwia akurure toro tawogai.		Sim! Eu queria que vocês vissem, eu pensei logo en vocês.	
PC.199	62	HISTÓRIA DE PEMO – COQUEIRO – MERURI, 1974	Mare eeruduwakare Pemo koiaie ure tuiordudo nowu tuborei. Emearudaere puduie tuiordure ei, emeardaere tuiordu pagaie tu ei.		Mas eles não sabiam que foi Pemo quem lhes fez achar esses lambaris. Eles pensavam que era eles mesmos que os tinham visto; pensavam que os tinham visto assim à toa.	
PC.200	63	HISTÓRIA DE PEMO – COQUEIRO – MERURI, 1974	Icare areme egore pugeje, egore Cegi jamedu pureorere boere pai. Tagado ceerudure jiboe ji jamedu.		Depois as mulheres falaram dizendo: - A nós também aconteceu uma coisa semelhante. Olhem também o que nós encontramos.	
PC.201	64	HISTÓRIA DE PEMO – COQUEIRO – MERURI, 1974	Tagado! Awu cenoe akore boe eke pudumie. Kodire boemagai tai du eorere boere pai.		Olhai! Estas nossas coisas falaram que elas eram alimento dos Bororo. Por isso aconteceu conosco o mesmo que a vocês.	
PC.202	65	HISTÓRIA DE PEMO – COQUEIRO – MERURI, 1974	Kodire awu cenoerogu akore pudumie ciere ató, taibo taboie boere tudawuje, taibo taboie boe eemarure tuwogai.		Por isso estas nosas coisas falaram que se chamavam cará, que os Bororo saíam caçar com cavador de madeira. Que os Bororo os procuravam com cavador de madeira.	
PC.203	66	HISTÓRIA DE PEMO – COQUEIRO – MERURI, 1974	Boe eke pemegaguragaie ure pudumi. Tagogwapagado ji ka! Pemegaguragare rugadu.		Que ele era um alimento muito bom. Experimentem só. É muito bom mesmo!	
PC.204	67	HISTÓRIA DE PEMO – COQUEIRO – MERURI, 1974	Icare ere togwapagado ji. Egore: uu! Pemegare rugadu! Boekimo! Pemeganure rugadu. Ure inogwa tawuje rugadu. Du kodi icare, oinore egore...tuiedui, tuiegare koia. Eegare padunure tu boe parugajeje, ecewu tugeroguji		Então experimentaram e disseram: Sim! É bom mesmo! Nada! É bom mesmo. Por isso ficaram falando muito alegres. A alegria deles se espalhava por todo lado, por causa desse seu alimento.	
PC.205	68	HISTÓRIA DE PEMO – COQUEIRO – MERURI, 1974	Egore: uu! Pawarudumodukare kuri je. Awu page akedukeje pawarudumode.		Eles diziam: - Sim! Não vamos mudar logo. Quando esta nossa comida acabar, mudaremos.	
PC.206	69	HISTÓRIA DE PEMO – COQUEIRO – MERURI, 1974	Eeruduwakare Pemo mearudae rekodajie tumerure.		Eles não sabiam que estavam andando de acordo com o pensamento de Pemo.	
PC.207	70	HISTÓRIA DE PEMO – COQUEIRO – MERURI, 1974	Boro! Ukarino! Nowu tui edo tuguwo du reorere ure ekedo tuguwo etai jamedu.		Não! Não era assim! Da mesma maneira como ele os tinha feito aparecer, assim também ele fazia aparecer o alimento para eles.	
PC.208	71	HISTÓRIA DE PEMO – COQUEIRO – MERURI, 1974	Kodire, tuwo eke maku etaire ure barogwa kododudo. Dukodire barogwa kododu jamedu jire ure eerududo tugeroguji tu tu tu je.		Por isso, era para lhes dar o alimento que ele fazia amanhecer. Por isso todas as manhãs ele sempre lhes fazia encontrar o alimento.	
PC.209	72	HISTÓRIA DE PEMO – COQUEIRO – MERURI, 1974	Icare egore Icare pawarudumode pugeje.		Depois disseram: - Vamos mudar de novo.	
PC.210	73	HISTÓRIA DE PEMO – COQUEIRO – MERURI, 1974	Jokugo akore dukodire inagoino, iogamage, iedagamage, iorubodarege, itore, imedumage, aredumage, imugamage tagae toro. Tawo tagera pemegado tai. Pawarudumode pugeje.		Jokugo: disse: - Estou falando para vocês, meus pais, meus tios, meus primos, meus filhos, meninos, meninas, minhas mães: que se preparem pois vamos mudar para outro lugar.	
PC.211	74	HISTÓRIA DE PEMO – COQUEIRO – MERURI, 1974	Tagaiwonure tu ia boe pemegarewu bogai, ia boe akurewu bogai, ia paroiwamode pagabo bogai. Tagaba barudu raido! Tagaba padodu raido.		Vão observando algum lugar bom, algum lugar limpo, algum lugar que seja fácil para nós. Não demorem muito para mudar, não fiquem muito tempo acampados.	
PC.212	75	HISTÓRIA DE PEMO – COQUEIRO – MERURI, 1974	U! Tagado tagododai. Tagado tawureji, tori bogai, jorubo bogai, boto bogai, ore bogai, apegurare bogai.		Sim! Observem na sua frente. Olhem no chão para as pedras, para os tropeços, para os espinhos, para as tocanguiras, pra os formigões.	
PC.213	76	HISTÓRIA DE PEMO – COQUEIRO – MERURI, 1974	Akore: Togori tabore mugure, togori tabore jeture. Tawure jetumode ji ma, umode tawure kowuje ma, taegare pegamode. Ema remawure taegare pemegamode pu jamedu tabo. Akore.		E acresentou: - Eles são perigosos. Se o vosso pé encostar neles, se morderem, machucarem seus pés, a vossa alegria vai acabar. É melhor que vocês fiquem alegres todos juntos. Falou.	
PC.214	77	HISTÓRIA DE PEMO – COQUEIRO – MERURI, 1974	Jokugore akoino boei. Pemore tumearudae, tuiordae pemegarewu maku Jokugo ai.		Era Jokugo que estava falando para os Bororo, mas era Pemo que estava dando para ele o seu pensamento e a sua sabedoria.	
PC.215	78	HISTÓRIA DE PEMO – COQUEIRO – MERURI, 1974	Ure jorduwado boe eiamedu kori. Ure boe ekemado emaboe ure jorduwado ji. Ure boe enoroemode emaboe, ure jorduwado ji.		Ele o fez mais sabido que todos os outros Bororo. Ele lhe ensinava tudo o que devia ser alimento para os Bororo. Ensinava-lhe as coisas que deviam pertencer aos Bororo.	
PC.216	79	HISTÓRIA DE PEMO – COQUEIRO – MERURI, 1974	Ure iedo Jokugo. Mare ukare unuiaodo pudui, ukare jordudo pudui.		Chamou-o Jokugo (gafanhoto). Porém, não o fez sonhar em si, nem se deixou ver dele.	
PC.217	80	HISTÓRIA DE PEMO – COQUEIRO – MERURI, 1974	Du kode ocaronure pudui rugadu. Maerudaere pudumie jurduware boe eiamedu kori.		Por isso ele se gloriava pensando que sabia mais do que todos os outros.	
PC.218	81	HISTÓRIA DE PEMO – COQUEIRO – MERURI, 1974	Motunure. Pemonure motudo, du kodire ure iedo Jokugo, nowu tumodu koia.		Ele era bonito. Pemo o tinha feito bonito, por isso chamou-o Jokugo, por causa da sua beleza.	
PC.219	82	HISTÓRIA DE PEMO – COQUEIRO – MERURI, 1974	Icare boe eture pugeje. Boe ewarudure pugeje jii je. Icare boere baado pugeje.		Depois os Bororo foram embora de novo. Mudaram de novo... Andaram muito e depois acamparam de novo.	
PC.220	83	HISTÓRIA DE PEMO – COQUEIRO – MERURI, 1974	Akore Woere pamode baado woe. Taroiwado iaboerogu boe bogai pageje.		Ele disse: - É aqui onde nos vamos acampar. Dem um jeito para encontrar alguma coisa para comermos.	
PC.221	84	HISTÓRIA DE PEMO – COQUEIRO – MERURI, 1974	Akore Tagado tagododai. kuredogedu karega ure tagi. Marugodu karega ure tagi. Akore Kuredogedu jore otogeje pudabo, marugodure jore boe otogeje pudabo.		E acrescentou: - Observem na sua frente. Vocês não são velhinhos, vocês não são caducos. Disse: O velhinho tropeça nas coisas, o caduco tropeça nas coisas.	
PC.222	85	HISTÓRIA DE PEMO – COQUEIRO – MERURI, 1974	Egore: uu! Amorora amagadu kaba.		Eles responderam: Sim! Não se preocupe.	
PC.223	86	HISTÓRIA DE PEMO – COQUEIRO – MERURI, 1974	Icare eture. Ere taodo toro boe parugajeje, tuirdumode jiboe boerogu bogai.		Depois foram embora. Espalharam-se por todo lado para ver se encontravam alguma coisa.	
PC.224	87	HISTÓRIA DE PEMO – COQUEIRO – MERURI, 1974	Icare ecewu ime etaregodure kare etae pugeje.		Aí os homens encontraram pexes novamente..	
PC.225	88	HISTÓRIA DE PEMO – COQUEIRO – MERURI, 1974	Egore: uu! Kakodiboebao?		E perguntaram: - O que é isto?	
PC.226	89	HISTÓRIA DE PEMO – COQUEIRO – MERURI, 1974	Dukejere nowu eerudure jiboe makore ei pugeje, akore uu! Boe kodiboe imi karega. Kakodiboe imi karega. Boe eke imireo. Kare, oinore boe egore cei. Egore buke tabore boere cewido.		Então aquilo que eles tinham visto falou para eles dizendo: - Sim! Eu não sou qualquer coisa. Eu sou comida dos Bororo. O povo nos chama de peixe. E é com rede que o povo nos mata.	
PC.227	90	HISTÓRIA DE PEMO – COQUEIRO – MERURI, 1974	Icare cewu ime egore uu! Kode! Buke pa? Paia ewido pageje!		Então os homens disseram: Sim! Então! Kadé a rede? Poderiamos matá-los também!	
PC.228	91	HISTÓRIA DE PEMO – COQUEIRO – MERURI, 1974	Dukeje icare eceu etogeare bogaiboe ure tuguo etai padure boe kajeje tuku!		Então (a rede) que eles desejaram apareceu logo estendida no chão.	
PC.229	92	HISTÓRIA DE PEMO – COQUEIRO – MERURI, 1974	U! Oinore ure boe joki!		Sim! Era bonita aí no chão...	
PC.230	93	HISTÓRIA DE PEMO – COQUEIRO – MERURI, 1974	Akore buke imireo!		Disse: - Eu sou a rede!	
PC.231	94	HISTÓRIA DE PEMO – COQUEIRO – MERURI, 1974	Icare ere taredo kae, ere tugeragu ji, icare ere taredo tabo eto co!		Aí eles pularam no rumo dela, pegaram-na e pularam nos peixes com ela.	
PC.232	95	HISTÓRIA DE PEMO – COQUEIRO – MERURI, 1974	Oinore erore ei. Keadu karega ure boe oino duji. Enure buke tugu tugu ei rugadu.		Mexeram muito com eles. Foi bom mesmo. Jogaram muitas vezes a rede neles.	
PC.233	96	HISTÓRIA DE PEMO – COQUEIRO – MERURI, 1974	Icare ere tudawuje ebo. Ere nowu buke rakojedo oino. uu! Enure nowu buke kuru tawuje, enure kidudo.		Depois sairam da água com eles. Colocaram em pé a rede. Queriam secar a rede.	
PC.234	97	HISTÓRIA DE PEMO – COQUEIRO – MERURI, 1974	Boekare! Icare ure tuwogwado pi tuku etai pugeje.		Nada! Aí (a rede) sumiu deles novamente..	
PC.235	98	HISTÓRIA DE PEMO – COQUEIRO – MERURI, 1974	Icare erore ebo taci bato. Eegare kodu awadunure ebo bato.		Então eles foram embora com os peixes para a aldeia. Iam muito alegres com eles.	
PC.236	99	HISTÓRIA DE PEMO – COQUEIRO – MERURI, 1974	Areme eridure etogi. Egore Baarodugodunure. Awu kare etore ceiore pugeje. Baarodugodunure!		As mulheres sairam ao encontro deles. E eles diziam – Foi maravilhoso! Nós encontramos estes peixes. Qué maravilha!	
PC.237	100	HISTÓRIA DE PEMO – COQUEIRO – MERURI, 1974	Egore boe pageie ure pudumi		Eles disseram que eram alimento de nós Bororo.	
PC.238	101	HISTÓRIA DE PEMO – COQUEIRO – MERURI, 1974	Icare boecodure pugeje. Icare barogwa kododure. A! Erore toro kare etae pugeje taci. Boekare ere turawuje iage ekujiato.		Anoiteceu de novo e amanheceu. Ah! Eles foram pescar de novo. Mas eis que eles desceram atrás de outros seres.	
PC.239	102	HISTÓRIA DE PEMO – COQUEIRO – MERURI, 1974	Egore O! Kakodiboebao pugeje? Kabobao?		E perguntaram – Oh! O que é isto de novo? O que é isto?	
PC.240	103	HISTÓRIA DE PEMO – COQUEIRO – MERURI, 1974	Boekare! Nowu egoino jiboe akore pugeje: uu! Boe kodiboe cegi karega! Kakodiboe cegi karega. Boe eke cegireo. Ceire boe egore apue, apue ino. Apueceba tabore bioere cewido tugeje.		Nada! Aquilo de que eles estavam falando disse: - Nás não somos qualquer coisa. Nós somos comida dos Bororo. Eles nos chamam pacas. É com a rede de matar pacas que eles nos matam para comerem.	
PC.241	104	HISTÓRIA DE PEMO – COQUEIRO – MERURI, 1974	Egore Wo! Kode! Apueceba pa? Dukejere nowu apueceba akore Apueceba imireo! Apueceba imire! Ure tuguo etai.		Então os homens disseram: - Oh Então! Aonde está a rede paquera?	
PC.242	105	HISTÓRIA DE PEMO – COQUEIRO – MERURI, 1974	Ere taredo kae, ere tugeragu ji, icare ere tumugudo tabo ewugeje.		Pularam nela, pegaram-na e puserão-se a pegar pacas com ela.	
PC.243	106	HISTÓRIA DE PEMO – COQUEIRO – MERURI, 1974	Ere bu enogu keje tu tu tu. Dukejere icare ere tuiebu tu... ere tuiebu tu.. tuiebu tu... nowu apoeceba kuda. Ere tododo tabo ca pr... ca pr... ca pr..., nowu apoeceba tabo.		Foram colocando a rede na porta do buraco das pacas e estas foram saindo por debaixo da rede. E eles foram apanhando-as com a rede paqueira.	
PC.244	107	HISTÓRIA DE PEMO – COQUEIRO – MERURI, 1974	Egore Boe enure tugera to cegidoru kajeje.		As pacas disseram: - O povo costuma nos pegar pelo pescoço.	
PC.245	108	HISTÓRIA DE PEMO – COQUEIRO – MERURI, 1974	Icare ere tugera bu eidoru kajeje toku toku je. uu! Ewinure tuiegare koia turoi ei duji.		Então eles foram pegando-as pelo pescoço. Sim! Estavam morrendo de alegria enquando lutavam com elas.	
PC.246	109	HISTÓRIA DE PEMO – COQUEIRO – MERURI, 1974	Icare ere tugera rawuje epiji ca je. Ere cewu apueceba bu oino tu tu tu je. Boekare! Icare ure tuwogwado etai pugeje.		Depois pararam de pegá-las e foram deixando por aí as redes. Aí a rede de pegar pacas também sumiu deles.	
PC.247	110	HISTÓRIA DE PEMO – COQUEIRO – MERURI, 1974	Icare eturte ebo bato. Icare enogwagere. Mare enogwage pagakare ei.		Foram para a aldeia com as pacas e as comeram. Não as comeram, porém, de qualquer jeito.	
PC.248	111	HISTÓRIA DE PEMO – COQUEIRO – MERURI, 1974	Egore: Itagi reno (aki = alcatra, rabada)		Eles diziam (enquanto iam comendo):	Portuguese translation carries the same source number and was merged during documentary import.
PC.250	112	HISTÓRIA DE PEMO – COQUEIRO – MERURI, 1974	Icare egore uu! Awu pagere icare egore oino pai.		Depois disseram: - Sim! Eis que os nossos bichos nos falaram assim.	
PC.251	113	HISTÓRIA DE PEMO – COQUEIRO – MERURI, 1974	Icare eture pugeje. Ekodo pugeje jiii je. A! Icare eiore iageto pugeje. Awugere icare emaga remawure pugeje.		Depois foram embora de novo. Andaram muito e deram com outros bichos novamente. Mas estes eram muitos.	
PC.252	114	HISTÓRIA DE PEMO – COQUEIRO – MERURI, 1974	Egore Kakodiboe bao? Inoba ureboe bao?		Perguntaram: - O que é isto? Que coisa é isto?	
PC.253	115	HISTÓRIA DE PEMO – COQUEIRO – MERURI, 1974	Egore Boe kodiboe cegi karega. Inoba ureboe cegi karega. Iugodoge: oinore boe egore cei.		Responderam: - Nós não somos qualquer coisa. Nós não somos qualquer classe de ser. O povo nos chama de queixadas.	
PC.254	116	HISTÓRIA DE PEMO – COQUEIRO – MERURI, 1974	Boe eke cegireo. Tugeru tabore boere cewido. Butuie tabore boere cewido. Tugeruboro tabore boere cewido.Tugo komugurewu tabore boere cewido. Tugo upugogurewu boere cewido.		Nós somos alimento dos Bororo. Os bororo nos matam com flecha de lança. Os Bororo nos matam com flecha de sangrar. Os bororos nos matam com outra classe de flecha de sangrar. Os Bororos nos matam com flecha komugurewu. Os Bororo nos matam com flecha upugogurewu (tugo komugurewu e tugo upugogurewu: flechas com uma peça especial no meio).	
PC.255	117	HISTÓRIA DE PEMO – COQUEIRO – MERURI, 1974	Icare nowu ime egore uu! Kode! Tugo pa? Baiga pa? Paia ewido pugeje!		Então os homens disseram: - Onde está a flecha? Onde está o arco? Queríamos matar (os queixadas) para nós!	
PC.256	118	HISTÓRIA DE PEMO – COQUEIRO – MERURI, 1974	Dukeje icare nowu tugo, nowu baiga akore Tugo imireo. Baiga imireo (4x).		Então a flecha e o arco responderam: - Eu sou a flecha. Eu sou o arco (4x).	
PC.257	119	HISTÓRIA DE PEMO – COQUEIRO – MERURI, 1974	Pado boe kajeje.		Apareceram por toda parte.	
PC.258	120	HISTÓRIA DE PEMO – COQUEIRO – MERURI, 1974	Icare ere taredo kae, ere tugeragu ji. Egore: Auí, Auí, Auí! Tui tugeragu jitu tabore egoino		Aí (os homens) pularam neles e os pegaram (o arco e a flecha), dizendo: -Auí! Auí! Auí!	
PC.259	121	HISTÓRIA DE PEMO – COQUEIRO – MERURI, 1974	Ere nowu baiga iku to ji pao!		Esticaram o corda do arco (experimentando)	
PC.260	122	HISTÓRIA DE PEMO – COQUEIRO – MERURI, 1974	Icare egore Inoba paromode ei.		Depois disseram: - Como vamos fazer com eles.	
PC.261	123	HISTÓRIA DE PEMO – COQUEIRO – MERURI, 1974	Boekare! Egore boe enure cemugudo. Boe enure bakuredo cei. Bakure tadare boe eidogodure cei. Bakure tadare ere cewido.		Nada! Elas (as queixadas) responderam: - Os Bororo nos empurram, nos cercam, e no cerco nos flecham. No cerco eles nos matam.	
PC.262	124	HISTÓRIA DE PEMO – COQUEIRO – MERURI, 1974	Icare boere bakuredo ei. Icare boere emugudo. Egore Ahm! Ahm! Cidogodui ei du tabo.		Aí os Bororos lhes fizeram cerco e as empurraram. E diziam: - Ahm! Ahm! Enquanto as flechavam.	
PC.263	125	HISTÓRIA DE PEMO – COQUEIRO – MERURI, 1974	Etamugodunure cidogodui ei duji. Nono egore Inoba paromode ei pugeje?		Quando pararam de flechá-los, disseram: - Agora o que vamos fazer com elas?	
PC.264	126	HISTÓRIA DE PEMO – COQUEIRO – MERURI, 1974	Egore Tugarege emode toge emagu Cerae etai. Egore Cerae emode toge emagu Tugarege etai.		(As queixadas) responderam: - Os tugarege entregam as suas para os Cerae e os Cerae entregam as suas para os Tugarege.	
PC.265	127	HISTÓRIA DE PEMO – COQUEIRO – MERURI, 1974	Ecerae ekemode Tugarege enoe. Ecerae ekemode awu cedagice, awu cemororace, awu cedaborace.		Os Ecerae vão comer a caça dos Tugarege. A comida dos Ecerae vai ser as nossas rabadas, os nossos peitos, os nossos quadris.	
PC.266	128	HISTÓRIA DE PEMO – COQUEIRO – MERURI, 1974	Tugarege ekemode cedagice, ekemode cemororace, ekemode cedaborace.		Os Tugarege vão comer as nossas rabadas, os nossos peitos, os nossos quadris.	
PC.267	129	HISTÓRIA DE PEMO – COQUEIRO – MERURI, 1974	Egore Awu ure bitowu ukemode cewobona, cedaena, cegubaru, cegidowuia.		Ao matador vão pertencer as nossas coxas, o nosso lombo, a nossa barriga, os nossos ombros.	
PC.268	130	HISTÓRIA DE PEMO – COQUEIRO – MERURI, 1974	Egore: No... no no hu... hu hu! Tugarege egore tuiegare tabo. Ecerae egore No... no no hu! hu hu!		Os Tugarege e os Ecerae agradeceram alegres.	
PC.269	131	HISTÓRIA DE PEMO – COQUEIRO – MERURI, 1974	Egore: cedaga reno, cewari reno, cewabo reno, ceguri reno, cebeguru gigiri reno.		(As queixadas) disseram: - Esse é nosso fígado, esse é nosso fel, esse é nosso coração, esse é nosso bucho, essa é nossa tripa.	
PC.270	132	HISTÓRIA DE PEMO – COQUEIRO – MERURI, 1974	Icare eture ebo bato taci je. Icare etaregodure ebo bato tu... icare ere ewu kowu. Ere etagedudo taci, icare ere etagagirido.		Depois foram com eles para a aldeia. Chegando na aldeia, queimaram o pelo deles e quando acabaram, os cortaram em pedaços.	
PC.271	133	HISTÓRIA DE PEMO – COQUEIRO – MERURI, 1974	Icare ere etugu, dukeje icare nowu ekodu remawu makore pugeje. Akore Iogobore itaobaru ra keje. Iogobore imorora keje. Iogobore itagi keje.		Quando os puseram a cozinhar, a carne começou a falar, dizendo: - Estou cru na minha cabeça. Estou cru no meu peito. Estou cru na minha rabada.	
PC.272	134	HISTÓRIA DE PEMO – COQUEIRO – MERURI, 1974	Tugodu kurewu jire akoino. Akokare. Kure akoino “Iogobore” .		Referia-se à carne que sangrava. Ele não falava. Era a carne que dizia: “Estou cru”.	
PC.273	135	HISTÓRIA DE PEMO – COQUEIRO – MERURI, 1974	Icare boere keje pi tuku! Dukejere icare ere tawuje, icare kodure kodi.		Quando silenciou, eles tiraram do fogo, porque já estava cozido.	
PC.274	136	HISTÓRIA DE PEMO – COQUEIRO – MERURI, 1974	Icare eture pugeje. Ekodure jii... A! Icare etaregodure ia ae pugeje.		Depois foram embora de novo. Andaram bastante e encontraram um outro bicho.	
PC.275	137	HISTÓRIA DE PEMO – COQUEIRO – MERURI, 1974	Egore uu! Kaboba? Ia baarodugodu radeo pugeje.		E perguntaram: - Oh! O que é isto. Eis uma coisa extraordinária de novo.	
PC.276	138	HISTÓRIA DE PEMO – COQUEIRO – MERURI, 1974	Akore O! Ia kodiboe imi karega! Ia baarodugodu imi karega. Boe eke pemegaguragarewunure imi. Iire Boe egore Ki, Ki, ino.		Respondeu: - Eu não sou uma coisa qualquer. Eu não sou uma coisa extraordinária. Eu sou alimento gostoso dos Bororo. Eles me chamam de Anta.	
PC.277	139	HISTÓRIA DE PEMO – COQUEIRO – MERURI, 1974	Tugo tabore, baiga tabore boere iwido. Boe enure bakuredo ii, boe enure imugudo. Bakure tadare boe eidogodure ii, bakure tadare boere iwido.		Os Bororo me matam com flecha e arco. Os Bororo me fazem cerco, me empurram, e dentro do cerco eles me flecham e me matam.	
PC.278	140	HISTÓRIA DE PEMO – COQUEIRO – MERURI, 1974	Icare egore Wo! Kode! Tugo pa? Baiga pa? Paia bito pageje!		Então os homens disseram: - Oh! Então! Onde estão a flecha e o arco? Pudéssemos matá-la para nós.	
PC.279	141	HISTÓRIA DE PEMO – COQUEIRO – MERURI, 1974	Dukeje icare nowu tugo, baiga, akore Tugo imireo! Baiga imeireo!		Aí a flecha e o arco responderam: - Eu sou a flecha! Eu sou o arco!	
PC.280	142	HISTÓRIA DE PEMO – COQUEIRO – MERURI, 1974	Ere bakuredo ji ta! Icare eidogodure ji. Ere bito.		Eles a cercaram (a anta), a flecharam e a mataram.	
PC.281	143	HISTÓRIA DE PEMO – COQUEIRO – MERURI, 1974	A! Akore		Então ela disse:	Portuguese translation occurs inline in source number 143.
PC.282	144	HISTÓRIA DE PEMO – COQUEIRO – MERURI, 1974	Icare boe eture apo. Boe egore Gae gae gae! Tuiegare tabo. Boe etaregodure apo bato, icare boere akagirido. Boere tuku.		Depois os Bororo foram embora com ela, dizendo alegres: Gae gae gae! Chegando na aldeia a cortaram em pedaços. E acabaram.	
PC.283	145	HISTÓRIA DE PEMO – COQUEIRO – MERURI, 1974	Iage eture eregodaji pugeje. Ekodure... ere baado.		Outros bororos foram depois destes. Andaram bastante e depois acamparam.	
PC.284	146	HISTÓRIA DE PEMO – COQUEIRO – MERURI, 1974	Icare emerure. Icare etaregodure nowu eerudure jiboe kae, nowu tubore etae.		Depois foram caçar e chegaram onde estavam aqueles mesmos que os outros tinham visto; onde estavam os lambaris.	
PC.285	147	HISTÓRIA DE PEMO – COQUEIRO – MERURI, 1974	Egore nono nowu tumedage egore pugeje. Egore O! Kakodiboe bao? Inoba ureboe bao?		Falaram a mesma coisa que os anteriores tinham falado, dizendo: - Oh! O que é isto? Que coisa é isto?	
PC.286	148	HISTÓRIA DE PEMO – COQUEIRO – MERURI, 1974	Boekare! Egore nono tagomagare nowu etumedage eiwore pugeje. Egore O! Boe kodiboe cegi karega. Inoba ureboe cegi karega. Boe eke cegireo. Cegire cegiere tubore. Bukerogu tabore boere cewido.		Então eles lhes responderam do mesmo jeito que tinham respondido para os anteriores, dizendo: - Nós não somos qualquer coisa. Nós aqui somos comida dos Bororo. Nos nos chamamos lambaris. Os Bororo nos matam com a rede pequena.	
PC.287	149	HISTÓRIA DE PEMO – COQUEIRO – MERURI, 1974	Icare egore uu! Kode! Bukerogu pa? Paia ewido pageje!		Os homens disseram; - Oh! Então! Onde está a rede pequena? Poderiamos matá-los para nós.	
PC.288	150	HISTÓRIA DE PEMO – COQUEIRO – MERURI, 1974	Dukeje icare cewu bukerogu akore: uu! Bukerogu imirewu! (3x). Padure boe kajeje já...		Então a rede pequena respondeu: Eu sou a rede pequena (3x) . E apareceu logo estendida no chão.	
PC.289	151	HISTÓRIA DE PEMO – COQUEIRO – MERURI, 1974	Ere taredo kae, ere tugeragu ji. Ere taredo tabo eto jo!		Os homens pularam no rumo dela. Pegaram-na e pularam com ela nos peixes.	
PC.290	152	HISTÓRIA DE PEMO – COQUEIRO – MERURI, 1974	Oinore erore ie! Keadu karega nowu inoduji. Ekedu amanure ei.		Mexeram muito com eles. A coisa não estava nada ruim. Pegaram com vontade.	
PC.291	153	HISTÓRIA DE PEMO – COQUEIRO – MERURI, 1974	Enure bukerogu tugu tugu ei rugadu. Icare ere tugera ra epiji.		Jogaram muitas vezes a pequena rede neles. Depois largaram deles.	
PC.292	154	HISTÓRIA DE PEMO – COQUEIRO – MERURI, 1974	Ere cewu buke gugure jeto oino tu... boeru keje.		Estenderam suas pequenas redes no sol.	
PC.293	155	HISTÓRIA DE PEMO – COQUEIRO – MERURI, 1974	Icare nowu tubore egore Tugarege emode toge emagu Ecerae etai. Egore Ecerae emode toge emagu Tugarege etai. Oinore egore.		Depois os peixes disseram: - Os Tugarege vão dar seus peixes para os Ecerae e os Ecerae vão dar seus peixes para os Tugarege. Assim que eles falaram.	
PC.294	156	HISTÓRIA DE PEMO – COQUEIRO – MERURI, 1974	Dutabore icare erore ebo taci tudui bato kodi. Tugudu tabo, tumago tabo, tuiegare tabo.		Aí eles foram todos com os peixes para a aldeia, gritando e falando alegres.	
PC.295	157	HISTÓRIA DE PEMO – COQUEIRO – MERURI, 1974	Ere tuie codo. Ere jorubo aru tugu tuwiaboroto. Ere kaidaga bu tuwugeje.		Pintaram-se o rosto, colocaram folhas de remédio nas orelhas e se enfeitaram com palha de palmeira acumã.	
PC.296	158	HISTÓRIA DE PEMO – COQUEIRO – MERURI, 1974	Oinore egore tuiegare tabo, icai tudui bato duji. E! Ekudu kodu awadunure.		Comentavam muito, alegres por voltar para a aldeia. Os seus gritos se escutavam longe.	
PC.297	159	HISTÓRIA DE PEMO – COQUEIRO – MERURI, 1974	Dukeje icare areme etaregodure turidu tabo etogi.		Depois as mulheres sairam ao encontro deles para ajudar a carregar.	
PC.298	160	HISTÓRIA DE PEMO – COQUEIRO – MERURI, 1974	Egore: Woie! Woie! Woie! Tubore woie!		Os homens diziam: - Aqui! Aqui! Aqui! Aqui os lambaris!	
PC.299	161	HISTÓRIA DE PEMO – COQUEIRO – MERURI, 1974	Icare areme egore pugeje:		As mulheres respondiam:	Portuguese translation carries the same source number and was merged during documentary import.
PC.301	162	HISTÓRIA DE PEMO – COQUEIRO – MERURI, 1974	Icare eiore pudo. Icare ere tudugu cewu tuborei ime epiji, tuiegare tabo.		Ao encontrar-se, elas carregavam os peixes recebendo-os dos homens com alegria.	
PC.302	163	HISTÓRIA DE PEMO – COQUEIRO – MERURI, 1974	Etaregodure ebo tu... uu! Oinore egore tuiegare tabo cewu moto tadaboe ji.		Chegando com eles... falavam muito alegres das batatas da terra (que elas tinham preparado).	
PC.303	164	HISTÓRIA DE PEMO – COQUEIRO – MERURI, 1974	Egore Tagaiwodo, ituiemage, imugamage, aredumage: awu tabore cere tubore ewido. Akore bukerogu oinoie ciere. Baarodugodunure! Ire taeruduia. Oinore bukerogure boe joki. Tagado ji: emare tabore cedaregodure oino.		Os homens diziam: - Olhai, minhas tias, minhas mâes, minhas irmãs: foi com esta (rede) que nós matamos os lambaris. Ela disse que se chamava a rede pequena. Era uma coisa admirável. Eu queria que vocês vissem: ela estava aí estendida no chão. Observem-na. Nós a trouxemos aqui.	
PC.304	165	HISTÓRIA DE PEMO – COQUEIRO – MERURI, 1974	Ekodure pugeje jii... Icare eiore kidoguruto.		Foram (caçar) de novo e encontraram a resina.	
PC.305	166	HISTÓRIA DE PEMO – COQUEIRO – MERURI, 1974	Egore Kakodiboe ba?		Eles perguntaram: - O que é isto? Então (a resina) respondeu; - Eu não sou qualquer coisa. Eu sou a resina. Eu sou enfeite dos Bororo.	Portuguese translation carries the same source number and was merged during documentary import.
PC.307	167	HISTÓRIA DE PEMO – COQUEIRO – MERURI, 1974	Dukejere icare eregodure kodure tododaiwu tumedage ewogai nowu kidoguru tabo, egore Cedogeadure pagoroeji.		Logo eles foram com a notícia da resina para onde estavam os que tinham ido primeiro e disseram: - Encontramos um enfeite nosso.	
PC.308	168	HISTÓRIA DE PEMO – COQUEIRO – MERURI, 1974	Egore O! Kaboba pagoroeba?		Eles perguntaram: - Oh! Que classe de enfeite nosso?	
PC.309	169	HISTÓRIA DE PEMO – COQUEIRO – MERURI, 1974	Egore uu! Boe kodiboe pagoroe karega: pagoroe kidoguru.		Responderam: - Sim! Não é qualquer enfeite. É a resina.	
PC.310	170	HISTÓRIA DE PEMO – COQUEIRO – MERURI, 1974	Icare ere bu tuie kajeje. Boekare! Bekurukare. Jirire rugadu, mare bekurukare.		Então eles a passaram no rosto. Nada! Não grudava. Cheirava, mas não grudava.	
PC.311	171	HISTÓRIA DE PEMO – COQUEIRO – MERURI, 1974	Kodi icare pemega jokodukare. Etaidure ji, etaidukare ji. Tugiarigodu tabore ere bu tuie kajeje.		Por tanto não era muito boa. Eles gostaram e não gostaram. Sem vontade eles a untavam no rosto.	
PC.312	172	HISTÓRIA DE PEMO – COQUEIRO – MERURI, 1974	Icare eture pugeje. Cewu ere bakaru barigu bogaiwugere eture pugeje.		Depois foram embora de novo. Aqueles que tinham recebido a notícia da resina foram embora de novo.	
PC.313	173	HISTÓRIA DE PEMO – COQUEIRO – MERURI, 1974	Erore taci, icai tudure kodi. Emage eture jamedu. Ewarudure jamedu. Ekodo jii... ere baado pugeje.		Depois foram embora partindo dali. Eles também partiram. Eles também mudaram. Andaram muito tempo e depois acamparam.	
PC.314	174	HISTÓRIA DE PEMO – COQUEIRO – MERURI, 1974	Icare emerure. Dukeje icare etaregodure kare etae pugeje. Icare ekudugodure puwogai. Egore: Kaao! Kaaao! Tumedage ewogai.		Depois foram caçar e chegaram onde tinha peixes. Aí gritaram uns para os outros, dizendo: Kaao! Kaao! Chamando os companheiros.	
PC.315	175	HISTÓRIA DE PEMO – COQUEIRO – MERURI, 1974	A! Nowu etumedage ekudugodure ekudu togi. Icare ere tudo pui tu je. Dukeje icare egore Taeruduwo ceerudure jiboe jire cenagoino tawogai. Egore: tagaiwodo! Boe pegagodunure.		Ah! Os colegas deles responderam a seus gritos gritando também, e logo se rewuniram. Depois disseram: - Estávamos chamando vocês para que vejam o que nós encontramos. Olhem! É demais!	
PC.316	176	HISTÓRIA DE PEMO – COQUEIRO – MERURI, 1974	Egore O! Hu! Kakodiboe ba? Inoba ureboe ba?		Eles perguntaram: - Oh! Uh! O que é isto?	
PC.317	177	HISTÓRIA DE PEMO – COQUEIRO – MERURI, 1974	Dukeje icare emagore, egore Boe kodiboe cegi karega. Inoba ureboe cegi karega. Egore Boe eke cegi reo. Kare, oinore boe egore cei. Buke tabore boere cewido.		Depois (os peixes) falaram e dizeram: - Nós não somos qualquer coisa. Nós somos alimento dos Bororo.	
PC.318	178	HISTÓRIA DE PEMO – COQUEIRO – MERURI, 1974	Egore Wo! Buke pa? Paia ewido pageje! Dukeje icare cewu buke akore Buke imireo! Buke imireo! Buke imireo! Ei pugeje.		(Os homens) disseram: Oh! Onde está a rede? Queriamos matá-los para nós! Aí a rede falou também para eles: - A rede sou eu! Arede sou eu! A rede sou eu!	
PC.319	179	HISTÓRIA DE PEMO – COQUEIRO – MERURI, 1974	Icare ere taredo kae, ere tugeragu ji, ere jado. Ere tubogora roto bugu bugu bugu tuiegare tabo cewu bukeji.		Então eles pularam no rumo dela, a pegaram e a abriram. Mexiam as pernas de alegria pela rede.	
PC.320	180	HISTÓRIA DE PEMO – COQUEIRO – MERURI, 1974	Icare ere taredo tabo eto jô... uu! Keadu karega ure. Ekedu amanure ei.		Depois pularam nos peixes com a rede. Oh! Não foi nada ruim! Pegaram a vontade!	
PC.321	181	HISTÓRIA DE PEMO – COQUEIRO – MERURI, 1974	Icare ere tudawuje ebo. Ere cewu buke rakojedo oino tu tu tu. Enure kidudo.		Depois eles saíram, e colocaram em pé as redes para secarem.	
PC.322	182	HISTÓRIA DE PEMO – COQUEIRO – MERURI, 1974	Icare nowu kare egore Tugarege, tamode tagoge emagu Ecerae etai. Egore Cerae, tamode tagoge emagu Tugarege etai.		Então os peixes disseram: - Vocês Tugarege vão dar os seus peixes para os Ecerae. – Vocês Ecerae vão dar os seus peixes para os Tugarege.	
PC.323	183	HISTÓRIA DE PEMO – COQUEIRO – MERURI, 1974	uu! Keadu karega ure nowu inoduji!		Sim! Aquilo não era nada ruim!	
PC.324	184	HISTÓRIA DE PEMO – COQUEIRO – MERURI, 1974	Egore Tamode tae codo, tamode kaidaga bu tawugeje, tamode jorubo aru bu tawiaboroto.		(Os peixes) acresentaram: - Vocês vão se pintar o rosto de preto, vão se enfeitar com palha de palmeira acumã e vão colocar folhas de remédio na orelha.	
PC.325	185	HISTÓRIA DE PEMO – COQUEIRO – MERURI, 1974	Egore Tagudu rumode cedabo. Taegaredo cedabo bato.		E disseram também: - Vocês vão gritar conosco no rumoda aldeia. Vão chegar alegres conosco na aldeia.	
PC.326	187	HISTÓRIA DE PEMO – COQUEIRO – MERURI, 1974	Icare eegarere ebo rugadu. Egore: Kaaao! Kaaao!		Eles estavam de verdade alegres com os peixes. E gritavam: - Kaao! Kaao!	
PC.327	188	HISTÓRIA DE PEMO – COQUEIRO – MERURI, 1974	Icare areme etaregodure pugeje turidu tabo, ekudugodure jamedu, egore Ba! ba! ba!		Então as mulheres vieram de novo ao encontro, gritando também e dizendo: - Ba! ba! ba!	
PC.328	189	HISTÓRIA DE PEMO – COQUEIRO – MERURI, 1974	Dukeje egore Woie! Woie! Woie!		Depois (as mulheres) disseram: - Aqui! Aqui! Aqui!	Portuguese translation carries the same source number and was merged during documentary import.
PC.330	190	HISTÓRIA DE PEMO – COQUEIRO – MERURI, 1974	Icare ere etugu. Icare ekodure. Icare ere etawuje.		Depois os puseram a cozinhar. Depois de cozidos os tiraram (da panela).	
PC.331	191	HISTÓRIA DE PEMO – COQUEIRO – MERURI, 1974	Dukejere icare nowu karo kodu makore, akore Tagomeado itabo taedaga ai, tawuri ai, taduie ai, tajarugo ai.		Então a carne do peixe falou dizendo: - Fazeis presente comigo para o vosso padrinho, para o vosso irmão mais velho, para as vossa irmã mais velha, para a vossa madrinha.	
PC.332	192	HISTÓRIA DE PEMO – COQUEIRO – MERURI, 1974	Akore Awu ikaguru tugu powarito. Akore: tagagomode “powari gaguru” oino ji, meture powari tada kodi. Akore tabowarigaguru reno.		E acrescentou: - Ponham a minha gordura numa cabacinha. Vocês vão chamá-la assim: “gordura da cabacinha”, porque fica dentro da cabacinha. Essa é a vossa gordura da cabacinha.	
PC.333	193	HISTÓRIA DE PEMO – COQUEIRO – MERURI, 1974	Tamode bu tagao keje, tagao kugudugodumode. Akore Tagimo nonogo epa reno.		Vocês vão passá-la no vosso cabelo, e o vosso cabelo vai ficar macio. E acrescentou: Ela vai servir também para preparar o vosso urucum.	
PC.334	194	HISTÓRIA DE PEMO – COQUEIRO – MERURI, 1974	E! Icare ere tugu powarito. Ere ia biegado tu tugera keje, ere tugu taoto.		Eh! Aí eles puseram (a gordura) dentro a cabacina. Um pouco eles puseram nas mãos e passaram no cabelo.	
PC.335	195	HISTÓRIA DE PEMO – COQUEIRO – MERURI, 1974	I! ... Ure etao motudo! Ure etao kugudugodudo!		Ih! ... A gordura fez o cabelo deles ficar bonito! Fez o cabelo deles ficar macio!	
PC.336	196	HISTÓRIA DE PEMO – COQUEIRO – MERURI, 1974	Egore E! Pemega remawunure!		E comentaram: - Eh! É muito bom	
