id	text_number	title	metadata	documentary_content	reviewed	editorial_note
BOR-CORBO-BAK-01	01	01.CRIAÇÃO DOS MORROS	(Coqueiro)	"1.Bakuruie maragodure toriji. Ure tori pemegado Ciwaje apo, nowu metuia Ototori rogu apo. Enodo rogu raire puapo.
2.Barogwa kododure, eture puapo nowu tumaragodae tori kae.
3.Ere nowu tori kugudu rogu, parogwari kugudu rogu, ere kowuje.
4.  Nowu Ototori rogu ure ia rogu kowuje jamedu.
Icare eture tabo.,
Icare ere tuie jodo oino tu je, du kejere pobo rogu aregodure eiabiji. Po rogu buture  eiabiji tuku, tuku, tuku, kidure. Buture, kidure ju ju ju.
Ekodure tabo woje, woje, woje, puibagi, puibagi, jii... meri rekodu kae.
8.   Meri rekodure, enudure. Enogwagekare. Mare eke boikare ei, emedugodukare.
Barogwa kododure pugeje, eture pugeje nowu turoino jiwu tori kae pugeje.Parogwari, tori kugudu kae pugeje. Oinore erore ji. Ere kowuje.
Ca! Icare eture tabo pugeje.
A! ere tuie jodo tabo tu... nowu pobo rogu rore dogo dogo dogo. Kidure ju  ju ju. Boe jameduuuji.
Care nowu iere Ototori cewu oto rogu akedure. Pemo ukare oto rogu makai pugeje.
Barogwa kododure, otokare pugeje: oto rogu toriiigodure
Nowu Ciwaje, nowu Baireu, nowugere enodo kimore. Enodo akedukare.
Meri rekodure, enodo rogu bokware.
Icare boecodure, icare barogwa kododure: A! Enodo ure tureore pugeje.
Icare emaragodure.
Meri rekodure, boecodure, icare ere tuwu, enudure, turorewoji.
Icare barogwa kododure, icare Ciwaje jetadure boetoji. Ure tudo oino pudui tu je:   Boekare! Oto bokware.
Aiwore nowu baireuji, nowu rugadu otore.
A! Icare ure jetadudo, akore: - Aedadudo! Awo ia amaragodae mak’inai.
Aiwore ji: Boekare! Oto bokware (Ciwaje oto bokware).
Baireu akore: - A!
Ciwaje akore: -Amode ia amaragodae mak’inai.
Akore: - Imaragodae akedu.
Akore: - Akado! Pamaragoduwo puapo, pawo pagara ra puapo jamedu.
Akore: - Boro! Iroiwamodukare iwo ikera ra rawuje, iwo ia makákai.
Du kejere Ciwaje korigodure, akore: A! Aroiwamode!
Icare ure tugeragu ia toriji (tori kujagureu jire ure tugeragu).
Akore: - Akado! Oinore aromode.
Ure nowu tori to pa, nowu tumeduia Baireu aoraji. Ure barigu kuri ta tuwi tabo.
Icare ure nowu ureure to ji.
Icare jewodure  pugeje.
Du keje icare Boekare ema pugeje: kiogo rogu nure ema pugeje.
Icare oto rogu nure ema pugeje, rogu koborire tu oino.
Vocabulário:
Ototori (chupim): passarinho muito pequeno, bico grosso e curto.
Baireu (Bakuruie): pássaro de cor branca, bico curto e grosso.
Ciwaje (urubu-caçador): pássaro grande, preto, cabeça pelada, bico grosso e curto. Tem a asa quebrada. Foi este pássaro que transportou Toribugu de cima da rocha para o plano. Toribugu quebrou-lhe a asa para escapar dele.
Versão portuguesa desta lenda:
Bakuruie (Baireu: pássaro de cor branca, bico curto e grosso) estava trabalhando nos morros. Estava fazendo os morros em companhia de Ciwaje (o urubu-caçador) e mais o colega dele Ototori (o chupinzinho).O bico de todos eles era comprido.
Quando amanheceu, saíram juntos para o seu trabalho.
Comeram pedra mole e piçarra mole.
O chupinzinho também comeu um pouco.
Depois foram embora com ele (com o material para fazer os morros).
Então eles viraram a cabeça para baixo e do bico deles foi saindo uma agüinha. A agüinha foi gotejando da boca deles e, na medida que ia caindo, ia secando, secando.
Foram fazendo assim por um lado e por outro, indo e voltando, durante muito tempo, até entardecer.
De tardinha, foram dormir. Não comeram nada. Não sentiam fome e não estavam cansados.
Ao amanhecer do dia seguinte,  saíram de novo para o seu trabalho com os morros. Tendo comido primeiro piçarra e pedra mole.
Então eles foram embora de novo.
Viraram a cabeça para baixo e a água ia gotejando dogo dogo dogo, e secando. Sempre assim.
Até que o bico do chupinzinho acabou.. Deus não lhe deu mais bico.
Quando amanheceu, ele não tinha mais bico. O seu biquinho estava muito curto.
O Ciwaje e o Baireu, eles ainda tinham bico.
Ao entardecer o bico deles estava gasto
Aí anoitecia e, quando amanhecia, o bico deles estava outra vez normal.
Eles trabalhavam.
Chegava a tarde, anoitecia; então eles deitavam e dormiam como de costume
Na manhã seguinte, Ciwaje acordou primeiro. Palpou-se o rosto e percebeu que não tinha mais bico.
Olhou para Baireu, ele sim tinha bico.
Então o acordou, dizendo: - Acorde! Para me dar um pouco do seu trabalho.
Olhou para ele. Eis que não tinha Bico. O Urubu não tinha mais bico.
Então Baireu disse: Ah!
Ciwaje disse: - Você vai me dar um pouco do seu trabalho.
E acrescentou: - o meu acabou.
Falou: - Olha, vamos trabalhar juntos, para terminarmos juntos.
Baireu respondeu: - Nada! Eu não posso tirá-lo de mim para dá-lo a você.
Então Ciwaje ficou bravo e disse: - A! Você pode!
Aí pegou uma pedra (una pedra vermelha).
E disse: - Olhe! É assim que você vai fazer.
E bateu com a pedra na cabeça do seu colega Baireu, deixando-o morto.
Aí fez o canto para ele (ureure baiodore podomire)
Depois ressuscitou de novo.
Mas já não era mais gente: tinha se convertido em pássaro.
O bico dele agora era curto e grosso."		Extração documental do DOCX; numeração, grafia, traduções/interpretações, vocabulário e notas preservados sem normalização. Alinhamento Bororo–português ainda não inferido automaticamente.
BOR-CORBO-BAK-02	02	02.  KAIGU E MARIRI BARU	"Ditou, Frederico Coqueiro, 1983. | Fazemos esta interpretação em 1992, 5 anos depois do falecimento de Coqueiro. | Coqueiro, o narrador, era um bororo do clão dos Bok. Ec. Cob.(Kaigu) casado na Igreja Católica e segundo as normas da tribo com Margarida, uma borora da metade dos Tugarege e do clã dos Paiwe (Meriri Baru), com a qual conviveu toda a vida, depois do seu casamento cristão, em tal harmonia que quando ela se foi para o céu ele não agüentou a saudade e pouco tempo depois seguiu atrás dela. A história reflete a profunda amizade e ao mesmo tempo o grande respeito que existe entre os clãs de metades exogâmicas entre os quais se realiza o casamento Bororo. Só entre eles se chamam ""iadu"" (meu cunhado). Coqueiro é Kaigu (representa o sub clã dos Bokodori Ecerae Cobujiwuge), a esposa e os parentes dela são do clã  dos Paiwe, representados por Meriri Baru. Interessante como na história, quando os dois cunhados representam os patos da lagoa, Kaigu representa a fêmea e Meriri Baru representa o macho (inversâo de papeis), como acontece após a morte de um bororo que fica representado pelo seu iadu ou aroe maiwu, o qual sempre é da metade oposta à do finado. | NOTA: Descrição (feita por Coqueiro) dos peixes que aparecem nesta lenda."	"1. Kaigu akore Meriri Baruji, akore: - Iadu, iadu, pameruwo.
Icare Meriri Baru akore Kaiguji, akore: - Iadu, iadu, pameruwo.
2. Icare emerure. Ekodo jii toooro. Icare etaregodure Koge Ekureu iguru kae.
3. Ere tuwuredo tu. Icare Kaigu akore: -Iadu, iadu! Akore: - Itaidure pawo awu koge ekureu i kado.
4. Akore: - Iadu, iadu, itaidure pawo kado rugadu.
5. Icare ere paro to ji (parotori, bariga emare boe eparo rema, jire boe emodudure meiawo bogai).
6. Icare ere cewu i butudo 'po'. Ere itura boe kado, ere akedudo, icare eture piji.
7. Kaigu akore: - Iadu, iadu, icare pare kado!
Mariri Baru akore: - Iadu, iadu, icare pare kado!
8. Kaigu akore: - Kode, iadu, iadu, paduwo.
Icare eture. Ekodo jii... bato.
9. Eerdure otoji. Meriri Baru akore: - Iadu, iadu
Kaigu akore: - Iadu, iadu!
10. Meriri Baru akore: - Pawo pagerapagado awu moto tadaboeji.
Kaigu akore: - Iadu, iadu! Pawo pagerakogado ji rugadu. Meriri Baru akore: U!.
11. Icare ewaigodure ji. Icare ere tugera tugu mototo ji, ure turugadu rugadu. Ere tawujedu kurido rugadu.
12. Icare Kaigu akore: - Iadu, iadu, pawo paroiwado pui.
Meriri Baru akore: -U! Pawo paroiwado pui.
Icare Meriri Baru akore: U! Pawo pariwao tawuje pui.
13. Icare Meriri Baru akore: - Iadu, iadu! Emareo, emareo! Ake otó reo
Icare Kaigu akore: - Iadu, iadu, emareo, emareo! Ake otó reo.
14. Icare Kaigu akore: - No...no... no no hu...hu hu...!
15. Icare Meriri Baru akore: - Iadu, iadu, acodo kuogo i co tabo.
Icare Kaigu akore: - Iadu, iadu, acodo icegu i co tabo.
15. Icare ere tuie codo tabo. Ere kaidaga bu puwugeje.
Meriri Baru akore: - Iadu, iadu, kaidaga bu awugeje.
Kaigu makore ji pugeje, akore: -Iadu, iadu, kaidaga bu awugeje.
16. Icare ere tuie codo, ere kaidaga bu tuwugeje.
17. Icare ere kodobo towuje, icare ere nowu otó tugu to, ere korawu.
Icare eture. Epuredugodure bato.
18. Icare Kaigu akore: - Iadu, iadu, pagudugoduwo.
Icare ekudugodure. Egore: -Kae!...Kae!...
19. Icare etaregodure bato. Ere tugu.
Icare boe eiamedure kowuje, eegarere jii...je.
20. Du keje icare eture cewu to i bogai.
Meriri Baru akore: - Iadu, iadu, pawo pagado tu cewu pagoe bogai.
21. Icare eture. Ekodo jii toooro kae.
Icare etaregodure kae, icare ere joru tugu to, icare eto piji.
22. Ekodo jii... Etaregodure bato. Icare enudure.
23. Icare barogwa kododure, du keje icare Kaigu aregodure Meriri Baru bogai, akore: - Iadu, iadu, awogaire iroino. Akore: - U!
24. Akore: - Pawo pagado tu cewu paro okudae bogai.(o que noso machadoi cortou com dor).
25. Icare Meriri Baru akore: - Iadu, iadu, pawo pagado bogai rugadu.
Akore: - Karo kodu boire ii
Akore: - Uto kodu boire ii
Akore: - Aiwo kodu boire ii
Akore: - Reko kodu boire ii
Akore: - Parotori kodu boire ii
Akore: - Kudorowo kodu boire ii
Akore: - Kuritaga kodu boire ii
Akore: - Botokuri kodu boire ii
Akore: - Gomagoma kodu boire ii
Akore: - Pao kodu boire ii
Akore: - Butuiereu kodu boire ii
Akore: - Ika poru boire ii
Akore: - Bopa kodu boire ii
Akore: - Inorubo kodu boire ii
Akore: - Apedago kodu boire ii.
26. Icare Meriri Baru akore: - Iadu, iadu, akire akonagodure igada uruguduji.
Akore: - Imire itonagodumode uraduji.
27. Icare Meriri Baru ure tugeragu nowu koge ekureu i uraduji, ure tugu tudo 'tuku', ure tujo maedo tabo.
Kaigure tugeragu nowu koge ekureu i uruguduji, ure tugu tudo 'tuku', ure tugigadu maedo tabo.
Icare Kaigu akore: - Iadu, iadu, icá!
Meriri Baru akore: - Hm!
28. Ure tuwu pobo tada tu...  nowu kuruga po tada. Nowu koge ekureu i urugudu koiare ure kurugado pudumi, koiare ure pobodo pudumi. Du tadare Meriri Barure tuwu.
29. Ure taora tugu 'ta', ure tao bu pobo kajeje 'ta', ure tugana to poboto cu cu cu. Ure taiado tuiadu Kaigu ae. Kodo tuiadu ae... ure turagojedo 'taci'.
30. Uiadu Kaigu ure tuwu tu nowu kuruga po tada pugeje. Ure taora tugu 'ta'. Nowu tuiadu Meriri Baru roiaji. Ure tuiebu pobo kajeje 'ta', ure tugana to poboto cu cu cu, ure taiado... tuiadu ae, ure turagojedo 'taci'.
30. Turubare coreu nure Meriri Baru (turubare imedu).
Turubare kujagureu nure Kaiguce (turubare aredu).
31. Icare Meriri Baru akore: - Iadu, iadu, akire akiere Meriri Kuruguga Are, akire akiere Turubare Kuri.
Icare Kaigu akore: - Iadu, iadu, akire akiere Arube, akire akiere Kurugugare.
Ere iogwarido pui rugadu: Wo!...
32. Du kejere icare eture puapo bato. Du kejere nowu cie tabore icare emagore pui puibagi tu tu tu je.
Interpretação:
Esta é uma história singela e delicada revela vários detalhes da cultura bororo e na qual podemos entrever também alguns detalhes da experiência vital do narrador. Todo pintor deixa nos seus quadros algum detalhe de sua própria fisionomia.
O assunto da história é o seguinte: Os dois cunhados Kaigu e Meriri Baru põe-se de acordo para ir passear (boe emeru = inclui as três idéias de passeio, caminhada, caçada). No caminho encontram uma árvore que em bororo tem o mesmo nome do peixe dourado. Os dois primos se põe novamente de acordo para derrubá-la, para o qual usam o machado de pedra.
Uma vez derrubada a árvore, cortam-lhe os galhos e voltam para a aldeia. No caminho de volta encontram uma planta que dá uma batata muito gostosa (otó). Põe-se de novo de acordo para arrancá-la, cavam a terra com a mão e com alegria constatam que está boa, grossa e abundante. Arrancam-na e num cerimonial muito gentil um oferece para o outro e mutuamente se agradecem. Alegres pelo achado os dois cunhados convidam-se a se pintarem o rosto cada um com o suco de uma planta determinada (Meriri Baru indica para Kaigu um pé de para-tudo e Kaigu indica para seu cunhado um pé de ipé amarelo(?). Pintam-se e enfeitam-se com palmas de indaiá. Fabricam um cesto para carregar as batatas, enchem-no e encaminham-se de novo para a aldeia. Perto da aldeia, anunciam sua chegada com gritos rituais. Chegando na aldeia, cozinham a batata e toda a comunidade come com alegria.
Depois de algum tempo, novamente se convidam para ir ver como está a árvore que cortaram. Chegando lá, puseram fogo na árvore (já seca) e voltaram para a aldeia. Dormiram e no dia seguinte Kaigu convida seu cunhado Meriri Baru para ir de novo ver o que aconteceu com a árvore que ""o nosso machado cortou com sentimento"". Meriri Baru aceita com gosto e, prevendo o acontecido, já sente o desejo de saborear a carne de uma serie de peixes gostosos da lagoa. Na lenda sem mais aparecem os dois na beira da lagoa, pintando-se um com a cinza e o outro com o carvão que restou da árvore queimada, começando logo a pular na água e sair dela como patos. O primeiro que pula é Meriri Baru, de pintura escura de carvão, representando o pato macho, e depois dele pula Kaigu, com a pintura mais clara da cinza, representando o pato fêmea. O lugar onde a árvore tinha sido queimada convertera-se numa bela lagoa.
Depois desta experiência os dois se deram mutuamente novos nomes e se proclamaram segundo o costume da tribo. De volta na aldeia, continuam a chamar-se com os novos nomes.
São todos peixes de lagoa e que não se encontram no rio.
Vocabulário
Igada = lugar onde estava uma árvore cortada, lugar de lascas de árvore.
Oto = vrd. de batata comestível.
Icegu i = Ipé amarelo.
Rugudu (urugudu) = cinza.
Uradu = carvão.
Uto = cascudo; peixe de carne branca sem espinhos.
Aiwo = cascudo maior.
Reko = peixe de dente fino (traira).
Parotori = peixe redondo de muito espinho (acará).
Kudorowo: peixe redondo maior, de muito espinho.
Kuritaga: peixe sem espinho, sem dente, boca como boca de pote.
Botokuri: peixe de escama branca, redondo, boca pequena.
Gomagoma: peixe branquinho, gostoso.
Pao: peixe bonito, de bico comprido, carne gostosa.
Butuiareu: peixe de bico comprido.
Ika: peixe cascudo, bico comprido.
Bopa: peixe comprido, de couro, parece sucuri.
Inorubo: peixe comprido, de escama (muçum).
Apedago: peixe comprido, bico fino, tem também no rio."		Extração documental do DOCX; numeração, grafia, traduções/interpretações, vocabulário e notas preservados sem normalização. Alinhamento Bororo–português ainda não inferido automaticamente.
BOR-CORBO-BAK-03	03	03. POWARI GAGURUREU I: A PAINEIRA	(Coqueiro,1981)	"1.Meridoge eture, ekodure, tuiemaru tabo jii...
2. Icare etaregodure porue etae.
3. Icare ere ewido.
4. Etaiwore tu je ma, eka awadu nure!
5. Icare ere ekaguru tawuje. ere ekaguru tugu powarito, du tabore icare eture.
6. Ekodure jii je, nowu pobo jipaji, icare etaregodure adugodoge etae.
7. Etaiwore tu... Egore: - Kakodiboebao? Inoba ureboebao?
8. Egore: - Boe kodiboe cegi karega. Adugodoge cegireo. Boe ekudawu nure cewiri.
9. Egore: - U! Kode! Kaboba taboba pamode ewido pagudawuce? Egore boe ekudawuie ure tuwirice.
10. Egore: - Oinore paromode: Pawo awu boekaguru tugu awu ito, du tabore pamode ia bito. Metugodumode, du keje pamode bito pagudawuce.
11. U! Boe jokodu. Nonore paromode rugadu.
12.Kode awu i tore pamode awu boekaguru tugu.
13.U! Boe jokodu. Ema rugadu. Ekugudumode du kejere pamode awu arago to cai ei.
14. Icare ere nowu boekaguru tugu nowu ito.
15. U! Enure nowu ipo kugudugodudo boekaguru tabo, porue ekaguru tabo.
16. Ere iado tu. A! Du kejere icare erudure to.
17. Erudure nowu ito. Ere tumugudo pumegi tu.., to arago tabo.
18. Du kejere icare ere eegodo etae. Ere eegodo bu...bu...bu... oino toro adugodoge etae.
19. Icare adugodoge eerdure, icare ekorigodure, icare eture mato nowu meridoge etae, boe kori koia.
20. Etao awadure toro etae, tododai.
21. Emugu awadure toro i tada.
22. Icare etaregodure. Adugore taredo ta... Iera rore ito coku! Iera rore gr.... tuku moto kae.
23. Metuiare taredo taci jipagi. Iera rore ito coku! Iera rore i joki gr... tuku! Moto kae.
24. Icare kugudugodure. Nowu metuia kugudugodure. Icare ei pobedu ekugudugodure.
25. Du keje icare nowu Merire arago to ca! nowu metuiaji. Arire arago to ca! Nowu metuiaji pugeje.
26. Icare ere nowu ei pobedu ewido tu...
27. Icare eegarere tui ewido duji
28. Ere ewiri tawuje, ere ewiri jaido, ere ewiri atugodo, ere ewiri enawudo. 29. Nowu Merire tugudawu enawu urugu maedo. Nowu Arire tugudawu enawu okodo pui.
30. Icare nowu Merire jekudure nowu tuwie ukudawuji.
31. Nowu kudawu enawu moture jekai; kodi icare iwogure ji  je paga keje.
32. Icare nowu uwie akore: - U! Ikudawu enawu ukare ino. Akire akudawu enawu urugure, imire ikudawu enawu okore pui.
33. Nowu umana akore: - A! Nowu, akago kaba oino. Amode ikorigo ai.
34. Uwie akore: - O! Akorigodumodukare ii. Ikiwogukare ai, akire ma, akiwogure ii.
35. Ca! Oto pa reno.
36.  Du kodire nowu iere oinono. Einogi oia okwakare, Einogi oiare kodu kimore oinono nowu iji. Inogi oiare ure oinono nowu iji kimo.
37. Du kodire icare nowu pobo iere ""Meribo Po"", jamedu.
INTERPRETAÇÃO
1. (Os irmãos) Sol e Lua foram embora, andaram, procuraram bastante.
2. Até que encontraram os peixes jaús.
3. Os mataram,
4. E observando, (viram) que estavam muito gordos.
5. Então tiraram a gordura deles, a colocaram dentro de uma cabaça, e foram embora com ela.
6. Andaram bastante pela beira do rio, até que encontraram umas onças.
7. Quando as viram, perguntaram: O que é isto? Que classe de ser é este?
8. Elas responderam: Nós não somos qualquer coisa: Nós somos as onças. Os humanos fazem tapete de nossa pele.
9. (Então) eles disseram: -O!... Então! Com que vamos matá-las para nosso tapete? Elas falaram que sua pele era tapete de gente. O! Então como vamos fazer, para matá-las para nosso tapete?
10. (Depois) disseram: -Vamos fazer assim: vamos passar esta gordura nesta árvore e com isso vamos matar uma. Ela vai cansar e logo nos vamos matá-la para fazer nosso tapete.
11. Sim! Assim mesmo. É assim mesmo que vamos fazer.
12. Então vamos passar gordura nesta árvore.
13. Sim! Certo! Isso mesmo. Elas vão cansar e depois nós vamos bater cacete nelas.
14. Aí eles passaram a gordura no tronco da árvore.
15. Sim! Eles amoleceram bem o tronco com gordura, com a gordura dos jaús.
16. Logo que acabaram, subiram.
17. Subiram nessa mesma árvore e sentaram-se um perto do outro com seu cacete.
18. Depois começaram a chamá-las, remedando o urro delas: gritavam: bu...bu...bu...no rumo das onças.
19. Então as onças perceberam, ficaram furiosas e vieram no rumo de Sol e Lua, com raiva.
20. Olhavam bem para eles lá na frente
21. E eles ficaram (esperando) na árvore.
22. Aí chegaram. Uma deles pulou, suas garras encostaram na árvore e escorragaram gr... para o chão.
23. A outra pulou também, suas garras encostaram na árvore e escorregou gr... para o chão.
24. A primeira cansou (de tanto pular e escorregar) e a segunda também. As duas ficaram cansadas.
25. Aí o Sol bateu com seu cacete numa e o Lua bateu com o seu na outra.
26. Mataram, pois, as duas.
27. Ficaram alegres de tê-las matado.
28. Tiraram-lhes os couros, os esticaram (para secar), os pintaram, e os enfeitaram (de penas).
29. O Sol enfeito seu tapete com penas vermelhas e o Lua enfeitou o seu misturando (penas vermelhas com amarelas).
30. Depois o Sol ficou cobiçando o tapete do seu irmão mais novo.
31. Pareceu-lhe lindo o enfeite do tapete (do Lua). Por isso o roubou dele sem que ele percebesse.
32. Depois o irmão mais novo disse: - O! O enfeite do meu tapete não era assim. O enfeite do teu tapete era vermelho e o meu era misturado.
33. Então o irmão mais velho disse: A! Moço! Não fale assim. Você vai me fazer zangar com você.
34. O mais novo respondeu: O! Você não vai zangar comigo. Não fui eu que roubei de você. Foi você que roubou de mim.
35. Eis ! Este é o fim (da história).
36. Por isso que aquela árvore é assim (powari gagurureu i = árvore com gordura da cabaça). Os sinais das garras (das onças) não desapareceram. Os riscos de suas garras permanecem ainda nessa árvore, por isso os riscos de suas garras não desapareceram.
37. Por isso (também) esse rio chama-se Moribo Po (Rio do Sol).
Dados culturais:
A. Powari gagurureu i: Árvore como gordura da cabaça (paineira: uma árvore muito comum nos cerrados da bacia do rio Garças; sua casca macia e com riscos verticais evoca a lenda aqui narrada.
B. Pawari gagurureu i ukwa - A raiz da paineira.
Boe erubore ukwace. Boere boe etore kugure eerubodo ukwace.
Boe eiogore tabo jiwu boe etore ekuricigore.
Boe eiogokare tabo jiwu boe etore ekurikare.
- A raiz dela é remédio. Os bororos fazem da casca dela um remédio para as crianças. Os filhos dos bororos que são medicados com ela são fortes. As crianças que não são tratadas com ela são fracos.
C. Powari gagurureu i iwoi - A envira da paineira
Powari gagurureu iwoi pemegaguragare. Nowu kodire umodukare tugado. Boe kogudu pemegaguragareure nowu powari gagurureu iwoi rema.
Nowu kodire ari maegodumode pagodudu ema duji. Boe ekodo riwudure powari gagurureu iwoi pemegaguragare, ukare tugado.
- A embira da paineira é muito boa. Por isso ela não arrebenta. A embira da paineira é uma corda muito boa. Para amarrar o baquité a embira da paineira é muito boa. Não quebra.
D. Meribo Po, ou simplesmente Meribo (Rio do Sol):
É um dos nomes dados em Bororo ao Rio Garças, a cujo nome mais comum em Bororo é Jakoreuge Eiao (Lugar dos Botos)."		Extração documental do DOCX; numeração, grafia, traduções/interpretações, vocabulário e notas preservados sem normalização. Alinhamento Bororo–português ainda não inferido automaticamente.
BOR-CORBO-BAK-04	04	04. BARU KURU CIRI: O SABIÁ	(Alegria da Chuva) Coqueiro, Meruri 1982.	"1.Ia imedu, iere Kogae Cereu cedu,  Ceraedu, Badojeba  Cobugiwu, ure ia kiogorogu towuje, muguwo tumugato, aroei pudumi du keje.
2. Icare makore ji, akore: - Boerumode ai, pobo boimode ai du kejere amagomode: Baru kuru butudo mato, pobo boire ii, ikuduwo. Baru kuru butudo mato, baru piji piji piji, iwo itaimo, iwo itaredo kuri kuri kuri, iegare tabo.
3. Oinore akagomode nowu baru poji. Amearudure, amearudure, amearudure?
Akore: - U!
4. Akore: - Itaregodumodukare awogai pugeje, mare nonore akagomode du keje, imode pobo butudo awugeje, imode pobo arego awogai.
5. Icare ure taredo baruto, ure tugana jado, ure taiado, icare ure tumugudo, icare ure turagojedo taci.
6. Akore: - Nonore arore, nonore akagore. Akaiwo nure ia boetugu rogu bogai, akaiwo nure ia i poro  bogai, tore amode awiado, pobo kuricigore du keje. Akore ji.
Akore: - U!
7. Du kejere icare uture piji, taci toro baruto, aroei pudumi du tabo.
8. Du keje icare awu kiogo akogodure, akore: - Baru kuri  ciri, baru kuru ciri br! br!  ciri ciri ciri br! br! je.
9. Icare Birimodo, Kaboreu, Manobaru, Tadugo, Aroia Kurireu, Kogebowu, Buturegadu, Akaruio Boroge, Apuie Eceba, Kuruguga, Meriribaru, ere tudo pui, egore: inoba awu kiogorogu akore? Tawiapagado.
10. Icare Birimodo akore: - Baru kuru ciri, baru kuru  ciri, oinore akore.
Icare egore: - U! Nonore akore. Tuiamedu tabo.
11. Icare Birimodo akore: - Kode, nonore iemode, nonore akarumode.
Icare eiamedu egore: - U! Nonore umode rugadu.
12. Du kejere icare ere iogwarido ji, egore Wa!...
13. Kocare iere oinono Baru kuru ciri, nowu tuwadaru kae. Ie remawure Kogae Cereu rema.
INTERPRETAÇÃO
1.Um homem chamado Kogae Cereu, da metade dos Ecerae, do clã dos Baadojebage Cobugiwuge, fêz um passarinho, para ficar no seu lugar, quando se converter em aroe.
2.Entõa falou com ele e lhe disse: - Quando você tiver calor, quando tiver sede, fale assim: ""Céu líquido caia para cá, tenho sede, pare eu beber. Céu líquido caia para cá, do céu, de lá, de lá, para eu tomar banho, para eu pular logo logo logo, com alegria"".
3. É assim que você vai falar para a água do céu. Escutou? Escutou? Escutou?
Ele respondeu: - Sim.
4. Disse: - Eu não vou voltar mais para você, mas quando você falar assim, vou fazer cair água sobre você, vou mandar água para você.
Respondeu: - Sim!
5. Então pulou para cima, abriu as asas, rodeou, depois sentou, e em seguido ficou de pé.
6. Disse: - Assim você faz, assim você fala. Procura uma sombra, procura o buraco de um pau, e ali você se esconde quando a chuva for muita, disse-lhe.
Respondeu: - Sim!
7. Depois foi embora dele logo lá para o céu, convertido em aroe.
8. Depois o passarinho começou a cantar dizendo: Céu líquido se derrama, céu líquido se derrama, br!, br!, se derrama, se derrama, se derrama, br je!.
9. Aí todos os chefes dos clãs dos Tugarege se reuniram e disseram: Como que este passarinho está cantando? Escutem.
10.  Então Birimodo disse: - Céu líquido se derrama, céu liquido se derrama, assim que ele falou. Aí todos responderam: - Sim! É assim que falou.
11. Então Birimodo desse: -  Então! É assim que vai se chamar, esse vai ser seu nome.
Aí todos responderam - Sim, vai ser assim mesmo.
12. Aí todos o aclamaram: Wa!...
13. Por isso se chama assim: ""Baru kuru ciri""(céu líquido se derrama), por causa de seu canto. O seu nome verdadeiro é Kogae Cereu.
Explicação: O sabiá é um passarinho que anuncia a chuva: seu nome em Bororo é a interpretação de seu canto “barukuriciri”. Baru kuru cere (o céu líquido se derrama = a chuva está chegando)."		Extração documental do DOCX; numeração, grafia, traduções/interpretações, vocabulário e notas preservados sem normalização. Alinhamento Bororo–português ainda não inferido automaticamente.
BOR-CORBO-BAK-05	05	05. AIJE: O ZUNIDOR	Ditado Por Frederico Coqueiro em 1982, dentro do texto da sua Auto-biografia, ao descrever a função do Aije no enterro do Finado Claudio. Não transcrevemos este bakaru lá, devido a seu caráter de segredo cultural. | Notas culturais: (de Coqueiro).	"(cf. também EBI pp. 17-27; EBII PP. 119-125; História Mítica Bororo I pgs  89- 98. 156-167)
01. Boetojiwu aije akure Okiwa.
02. Aije iere Kaigu, rekodajiwu aije iere Bakoro Kudu, rekodajiwu aije iere Arua, rekodajiwu aije iere Oca Kudureu, rekodajiwu aije iere Ki Bakororo, rekodajiwu aije iere Aromerere, rekodajiwu aije iere Barogo Bororo, rekodajiwu aije iere Kaigu, rekodajiwu aije iere Akaruio Bokodori, rekodajiwu aije iere Jerigi Otojiwu, rekodajiwu aije iere Meriri Upo.
Nowure aregodure Meri rekodu tabo. Onaregedu iere Ino Kuri, awurema tonaregedu aije remawureo.
03. Aije iere Tadugu, mare i ra karega: powari.
04. Icá, aijedoge rugadu reno.
Nowu ure emawu i iere ari i (figueira silvestre)
Metuia iere padagí (padagu i) (pateiro: árvore grande com raízes que descem do alto)
Metuia iere bie i (genipapo).
Metuia iere bokodaga i (árvore da mata. muito alta, parecida com pindaíva)
Metuia iere nonogoreu i (árvore da beira do rio, parecido com urucum)
Metuia iere kowai (embaúba: Pau mole , alto, fino que cresce nos brejos e na beira dos rios)
(São todas madeiras moles e leves)
05. Nowu aregodure meri rekodu tabowu aije imo nowa kujagure; nowu metuia oredu, aije Bakororo imo nowa kujagure jamedu; nowu etonaregedu, emare imo nowa kigadure.
Nowu tugaregedu, nowu icare imo nowa bokware.
06. Aije aregodure, akore: - Taroiwamodukare ii.
Tugarege egore: Pawo parokagado ji jao. Paroiwamodukare ji du keje, pijimode rugadu.
Egore: - U! Boe jokodu!
Egore: - Icá! Akire arokagado ji jao. Ecewu kugarure (batuíra) (biegare tu je, mugure kugaru keje)
Icare uture ae, kodure ae. Ure juredo ji chuku chuku chuku chuku!
Akore: - Wi wi wi ..
Boekare. Ukare nowu aije amagadudo. Mugu pagare tu je.
Aije akore: - Atudo!
07. Icare ia kugarure aregodo pugeje.
Nowu metage egore: - Ica! Aki pugeje.
Kodure ae pugeje... Ure juredo ji...
Akore: pi co, pi co, pi co! (3x)
Boekare. Aije mugu pagare tu...
Akore: - Mato!
Icare ure atugodo. Ure mogajejewu bu tu. (pintura preta na espalda).
Akore: - Toro! Atudo!
Egore: - Icá! Aki pugeje. Ecewu tane, tane jire egoino (quero-quero).
Ure juredo ji (2x), icare ure aogado 'poku'.
Akore: - Mato!
Icare ure aora rogu codo oinono (listra preta ao redor do crânio e listas pretas entre os olhos e os ouvidos)
Egore: - icá! Aki pugeje.
Nowu kiogorogu iere raporepore (mexeriqueira).
Egore: - Ca! Toro!
Ure juredo ji.
Akore: 'gúri, gúri, gúri, gúri!
Icare ure aogado 'poku'.
Ure tuduiagu. Rore puibagi gu tuku, tumuga kae.
Akore: - Mato!
Icare ure joku oia codo taci (pintura preta através do olho).
Ure mogajejewu bu taci (pintura na espalda).
Egore: - Icá! Aki pugeje!
Nowu kiogorogu iere karao (vrd. de gralha).
Icare ure juredo ji (aijeji).
Akore: Karao! (x).
Ure aogado pugeje poku!
Uture gu..
Boekare! Ure tumugudo kuri tuku!
08. Du kejere icare okiwa (a capivara) uture ae pugeje. Ure juredo ji..
Akore: Okiwi wi wi wi (3x)
A! Ure aogado po...! Ure aogado po!
Dukeje icare uture. Uture rekodaji.
Okiwa aiwore ji tu tuibagi oino tu...
Akore: - O! Icare uture!
Icare uture apo gu gu...
Du kejere nowu kiege barege ere iogwarido ji.
Egore: - Wa! ..... (Egore nowu cai uture duji).
Icare uture apo rugadu. Akogodure, akore: Oki wi wi wi (3x)
Nowu aije akore: Pr! pr pr pr pr!
Cewu kiege barege ere iogwarido ji pugeje, egore: A!..... O!...
Oino utui bororo kae duji. Eegare nure ji utui bororo kae duji.
09. Du kejere icare makore Mano Kurireuji, makore Birimodoji, makore Kaboreuji. Nowu iguru jiwo ere turo okududo, taregodu pegamodukae kae.
Taregodumoduie kae rugadu.
Du kodire iere Bororo Kurireu.
Du kodire iere Bororo Kaewu.
Du kodire iere Bororo Oiadowu.
Du kodire iere Bakuje Gajejewu.
Oino. Iwagududoge: Aroia Kurireu, Okoge Ebowu, Butore Gadu, eiere.
A Origem de Aije
01.Parikware mugure bai tada, du kejere onaregedu oragudure boe eru koia. Du kejere icare oreduje akore: - Parikware, Parikware!
Nowu oredu akore: Kao! (kudugodure)
02. Nowu oreduje akore: - Arego mato, akonaregedu oragudure boeru koia. Awo aimo jao.
03. Icare uture. Kodo toro jii tonaregedu ae. Ure tudugu ji, kodure apo jii poboto,
icare ure aimo. Ure mugudo tu oino urubaruji (pobo okwai).
04. Du keje icare nowu onaregedu aiwore oino tu urubaruto. Aiwore tu je ma, joku buture tai iaboe bukeje.
Akore: - Iogwa, iogwa!
Uo akore: - Ho!
Akore: - Inagu rogu!
Nowu uo akore: - Ema pa?
Akore: - Emareo!
Nowu uo akore tu je ma... U!  Boe motu oiakodu.
Akore: - A!
05.Ure tuiemaedo tu, jordure kuobo aruji (planta parecida com araruta, de folha grande, sua raíz é comestível).  Ure udo pobe ta!
Ure oreado gu, ure iwara bu kajeje tu je.
Care ure tugeragu nowu akoino jiboeji.
Ure tugeragu ji taci! Ure barigu kuri, nowu raru oreato.
06. Aiwore ji tu... U! Motu ku nure! (muito bonito)
Atugo rogu padure oino kujiagi, atugo padure oino megi pudogi oino. (dos dois lados)
07. Ure pobo rogu mugudo tu apo, du keje icare uture apo bato.
Akore: - Muga, inagu rogu reo.
Nowu uo akoe: - Akonaregedu jorudure iaboeji.
Nowu uce akore: U! Kaboba ba?
Nowu oredu akore: - Akado tu ji. Paerdure jiboe karega. Ia boe tuginoi!
U!.... Io.......!
08. Boekare!.... Aiwore ji tu...
Jore nowu raru ototo tuku puibiji.(cresceu)
Akore: U! Kurigodure kuri je.
Ure tugeragu ta atureboji (concha da lagoa)
Ure pobo redo to.
Icare ure tugu to, nowu aturebo poto.
Aiwore ji, aiwore ji.
Kurigodure gu gu gu (estava aumentando)
Akore: - I! jore ototo pugeje.
Icare ure tugeragu atuji, ure podo pugeje, ure nowu (aije) tugu to.
Nonore icare ure boe pa ji; nonore icare ure pawuje.
Akore: - Ru rogu rabodu!
Macare kurigodure gu gu gu.
Icare ure tugeragu ruwoboji, ure barigu to.
Boekare, jore cewu ruwobo ototo tuku!
Ure taredo kuri aria kae pugeje. Ure mugudo tada pugeje, ure pobo tugu to.
Aiwore ji. Jore ototo pugeje tuku!
09. Icare akore: - Icare iroiwa bokwagodure awu itonaregedu akuie roguji. Icare iroiwa bokwagodure ji. Inoba imode irodo ji?
Pawarudumode apo mito tu je (Nós vamos mudar com ele só mais uma vez).
Du keje pamode pagera pemegado boeji, inoba paromode jitu de bogai. Icare ure tugu kodo enaboato (num cesto grande). Ure tugu to.
Akore: - U! Iwo mugudo tu woe awu akiri (angico: árvore de folha fina e madeira dura; sua casca é boa para curtir couro).
10. Icare akore: - Akire aeture ji (uore makore Butoregaduji) (voce fica aqui cuidando dele).
Du kejere icare uture. Jemarure tonaregedu apo (tonaregedu Meriri Baru, paiwedu, apo).
Akore: - Awu kana pemegare? (Meriri Baru akoino tuo Parikwariji).
Uo akore: - U! Kajá! Pemega jokodukare.
Akore: - U!
Uo akore: - Awure iwaripore.
Onaregedu akore: - U! Ema rugadu! Kode, pawo pagirimi.
11. Icare ure tugirimi. Kodo jii... aiwore tu... tododai... A!... Oinore boe ekudururure, boe enoiogwarire!
Meririr Baru akore: - A!  Ioga! Boerema boe jokodukare kare...  Awiapagado ka!
Uo akore: - U! Amorora amagadu kaba.
Icare uture. Kodo jii.... Ure ino rugadu: boe enoiogwarire, boe ekudururure! Boe emagare rugadu!
12. Oino rugadure boe ewaire boe paru gajeje (tinha muitas casas).
Ure tuiemaedo tu... Ere baimanagejewudo turugado marigudu.
Akore: - U! Baiado Bororo kae.
Birimodo kodo mato Meriri Baru ae,
Akore: - Ioguduba tagiba tagogeadure aroeji?
Parikware akore: - Awu imedu rogure okeadure aroeji (nowu tonaregedu Meriri Baru jire akoino)
Akore: - Akina akogeadure aroeji (Oino Meriri Baruji)
Akore: - U! Imire itogeadure ji.
13. Icare ure tugera to pogoraji woe, akore: - Meriri Baru, Meriri Baru, akonagodukare ji. Imire itonagodo ji, inaire akogeadure ji.
Meriri Baru akore: - A! Ukare ino. Imire itogeadure aroeji.
Akore: - Hm! (forte) Ukare ino. Inaire akogeadure aroeji.
Akore: - Hm (forte). Ukare ino! Imire itogeadure aroeji.
Akore: - M!... Meriri Baru, Meriri Baru, Inaire akogeadure aroeji.
Akore: - M! (forte) Ukare ino! Birimodo, Borimodo, inaire itogeadure aroeji.
Akore: - M! (forte) Inaire akogeadure aroeji.
Akore: - M! M!.. Ukare ino, ukare ino! Inaire itogeadure aroeji.
14. Icare Birimodo akore: - M! m! m! Ukare ino, ukare ino, ukare ino. Inaire akogeadure aroeji, inaire akogeadure aroeji! Akire akonagodo auiaroei, akire akonagodure uiaroei, akire akonagodure uiaroei (= akuie, arege)
Akire akonagodure uiaroe utobogaji (3x)
""             ""              ""      bakagoeji (3x)
""             ""              ""      paiji (3x)
""             ""              ""      jukoji (3x)
""             ""              ""      ruji (3x)
""             ""              ""      uwaiji (3X)
15. Icare Meriri Baru makokare pugeje. Akore: - M! m! m! Ema rugadu (4x)
16. Du keje icare Birimodore ure parudo, ure aroe eredo ji (mandou as almas correr com ele).
Ure nowu aije muga ure akudo ino (Aije reia rema ukare akudo).
Ure aroe erego Aije apo bororo kae, nowu boe pega inodu kao.
17. Icare Mano Kurireu (= Mano Baru)  akore: - Imi pugeje!, iwo aroe eredo aijeji.
Icare ure Aije parudo.
Akore: - Psiu.... ! Aroe eregoduiago cimejeraji. Aroe eregoduiagu tujarugoji.
Icare nowu badojeba (Bakorokudu) akore:
Tagire tare aroe eredo cimejeraji toro.
Tagire tare aroe eredo tujarugoji toro. Pobo jodo ewugeje toro, mea jodo ewugeje toro!
Egore Wa!!!
Dukeje icare ure bapo tugu ji (ure bapo tugu Aijeji):  ju tuku, ju tuku.
Ia iparedu ure pana akodo ji: ku. ku. ku. ku...
18. Akore: - Bakoro oiado Aijeji (Aroe etawarare akoino)!
Icare aroe eregodo aijeji. Nowu icare pemegare, nowu boetojiwu rema pemegakare, pegare (Birimode ore emawu pegare, Mano Baru ore pemegare)
Mano Baru ure ipare edo moto akurugududo aije otodai, ure ipare edo jorubo barigu, tori barigu, aije koda piji. Aije reia akurugudure. Ure kodo, beto, ure baado aije reiaji. Ure adugo, aigo, atubo, orogu, ipie, ure baado nowu kodo beto okeaji, bororo kae, aije otodai. Ure toro aiado aije muga keje. Ure aroedo juredo aijedogei, ure edo iogwarido aijedogei. Ere juredo aijedogei, ere iogwarido aijedogei. Icare aijedogere tumugudo, icare Mano Baru, Birimodo ere nowa tugui aijedogeto.
Egore: - Nowaia boia ecerae
- Nowaguruia ecerae
- Nowaiariia ecerae
- Cibaiari paruto ecerae.
19 .Du keje icare ere turagojedo  pr pr pr!
Nonore icare aije akuiere nowa tugu aroeto.
Ca! Icare eregodure bororo kae nowu boe baaji (por cima dos objetos extendidos no chão).
20. Icá! Nowure icare pemegare, nowu boetojiwu icare pegare (nowu pijire) . Oino. Du reno.
Nowu otobiji icare Tugarege eroiwakare tuwo aije arego bororo kae.
- Aije mugure Bakororo tada, Itobore tada. Ure bai reore. Kuricigore.
(Bakororo= lagoa, Itobore = praia bonita).
- Boe ewadaru = fala dos bororos
Bakaru = lenda, mito
Roia = canto
O canto funeral chama-se Tugo aorido (quando é de pesca e de caça, dentro do funeral, se chama Tugo para)
O canto de festa (de milho, de pesca, de caça, fora do funeral, alegre) chama-se Aidugodureu;
Kare paru chama-se: Gigigodureu
Barege paru chama-se: Woredugodureu."		Extração documental do DOCX; numeração, grafia, traduções/interpretações, vocabulário e notas preservados sem normalização. Alinhamento Bororo–português ainda não inferido automaticamente.
BOR-CORBO-BAK-06	06	06. AWAGUE: AS COBRAS	(Coqueiro, Meruri, abril/88)	"Boe epagudu nure ce rugadu.
Boe epagudaere awagu rema, ewo rema.
Boe eerdukare ji, boe etaiwo awadukare ji, kodire boe ekodure kuri mugurewo kae. Du koia ure toedo Boei.
Du kodire boe epagudure ce, boe epagudure bogai.
Kodire Boe emerukare tuginoi jokodu.
Boe emerure puapo. Boere pobe, Boere pobe ma jewu metuia bokware, boere pobe puibiji.
7.Du kodire Boe eerduwakare awagure toedo Boei duji.
8.Bo eerduware tuwo tugeragu ia jorubo pega rogu boeji pu uioruboce,
9.Mare Boe emerure tuginoigodu, nono Boe eerduwakare. Pegare rugadu.
Du kodire imedure aredu bie tugodumodewoji, tagurumodewoji.
Boe pegareu rema kodi.
Imedu merure, icare aregodukare tuibagi.
Awagure imedu bito toro boe tada.
Du Boe enoragodure areduji, egore: -Kaiba kodure? Kaiba akore tugodumoduie?
Aredu akore: -Wojere akore tugoduiagu, akore tugoduiagu cewu kae.
Nono Boe eerduware. Du jire imedure aredu bie tugodumodewoji, tagurumodewoji.
Oinore boe egore, awagu pegare kodi.
As cobras:
1. Os Bororos têm medo delas de verdade.
2. A cobra que dá medo aos Bororos é a cascavel.
3. Os Bororos não a vem, não a enxergam com facilidade, por isso vão logo ao lugar onde ela está, por isso ela morde os Bororos.
4. Por isso os Bororos têm medo dela, tem medo por causa dela.
5. Por isso os Bororos não vão caçar sozinhos.
6. Os Bororos caçam juntos: dois, três ou quatro.
7. Assim eles vêm quando a cobra morde algum Bororo.
8. E podem pegar algum remedinho uns para os outros.
9. Mas quando o Bororo caça sozinho, aí ele não sabe, fica ruim para ele.
10.Por isso o homem avisa a mulher para onde ele vai, para onde ele se dirige.
Porque é perigoso.
Se o homem vai caçar e não regressa,
(quer dizer) que a cobra o matou lá no mato.
Aí os Bororos perguntam à mulher: - Para onde ele foi? Para onde ele disse que iria?
A mulher respone: - Ele falou que iria neste rumo, disse que iria por aquele lado.
Então os Bororos sabem, porque ele falou para a mulher o lugar onde iria, o lugar onde se dirigiria.
Assim falam os Bororos. Por causa da cobra venenosa.
Awague eceba jorubo (Remédio contra cobras)
Arogiorodo eerubo = Pau-doce
Boe eto pagudae =Azedinha da mata (para prevenir picaduras de cobra.)
Boe ekori padui boe ekajejewu epa = Batata do bugre (serve para mordida de cobra e para reumatismo)
Ipare eerubo = (é uma árvore do cerrado)
Jowe eerubo = remédio das formigas de fogo (contra cascavel)
Kie epeguru girireu = um cipó (contra cascavel)
Buke epeguru: é um arbusto do cerrado. Serve para evitar picadas de cobra).
Ki uiorubo (Ki uke aru caru = folha quebradiça que a anta come) = Douradão. (Para evitar picada de cobra).
Nota: para evitar picada de cobra, o chefe da caçada quebra galhos desta planta (Ki uiorubo) e põe no caminho para os caçadores pisarem neles e não serem mordidos pela cobra."		Extração documental do DOCX; numeração, grafia, traduções/interpretações, vocabulário e notas preservados sem normalização. Alinhamento Bororo–português ainda não inferido automaticamente.
BOR-CORBO-BAK-07	07	07. OIEIGO: O PEIXE QUE FALA	(COQUEIRO)	"1.Ia imedu uwogure
Um homem foi pescar.
2.Nowu imedu iere Meriri Baru (Paiwedu)
O homem chmava-se Meriri  Baru (do clã dos bugios)
3. Icare karore togwa to ji
Aí o peixe deu sinal
4.Ure tumugudo keje… Akore: -inoba boemode? M!.. tui tumiugudo di keje.
(O homem) puxou, dizendo: -Como será?, emquanto puxava
5.Akore: M!..
Puxou com força!
6. Icare nowu karo kugudugodure.
Então opeixe ficou cansado.
7.Icare ure to urubaruto. Ure tumugudo keje pobo piji, bo ao kae
Aí o puxou para cima. O puxou da água para cima (do barranco)
8.Icare karo akogodure, akore – ‘M... ‘M… ‘M…, tubadui.
Então o peixe começou a falar dizendo: ‘M…’M… ‘M…, deitado por terra.
9.Icare nou imedure ipo to aorraji pó pó pó!. Icare ure bioto tu.
Então o homem bateu com um pau na cabeça dele e o matou.
10.Ure taiwodo kodudu bogai, jordure nonogo ikaji, akore: - Awu rugadu, awu Iwoi pemegare
Procurou enbira, viu um pé de urucum e disse: - Este mesmo. A casca deste é boa.
11.Icare ure iwoi tawuje, ure tugera pemegado ji, ure iado, icare ure tugu kojato. Icare ure udo turugadu.
Ai ele tirou a casca, a arrumou e, acabando a enfiou na guelra dele. Aí o deixou pronto
12.Du kejere ure tugera bu bai kajeje, ure udo pobe ma awu metuia bokware.
Depois cortou com a mano algumas palhas, cortou três.
13. Icare ure tudugo nowu caroji, ure bu mato tuboru keje, nowu bai kujiagi,     Icare uture.
Depois levantou o peixe e o pôs nas costas, por cima das palhas, pôs a embira na cabeça e foi embora.
14.Rekodure apo jii jê, aregodure apo bato.
Correu com ele eté chegar na aldeia
15. Akore - Itore kugure, tagwage pemegado, ire karo bito, inure ikedo amado ji.
Disse: -Meus filhinhos, comam bem, eu matei peixe, tive sorte.
16.Ore kugure egore: He ‘e! He ‘e! He ‘e! Page karo rogu, Page karo rogu!
Os filhos pequenos disseram He ‘e! He ‘e! He ‘e! Eis o nosso peixinho! O nosso peixinho!
17.Icare ure kagirido tu... Ure iado, icare akore: - Kodoro! Pawo kogudo!
Ai ele cortou o peixe e, quando acabou, disse: - Palha! Vamos amarrá-lo!
18. Icare ure kodu jamedu kogudo, icare ure iado, ure akedudo.
Depos ele amarrou toda a carne, até acabar.
19.Du keje icare ure jorugo. Ure pobo tugu ariato, ure mugudo joru tada, icare ure nowu kodu tugu to.
Em seguida acendeu o fogo, despejou água na panela, a colocou no fogo e depois colocou a carne dentro.
20. Icare beregodure, du keje, akogodure pugeje. Akore: - ‘M!… ‘M!…’M!…  ‘M!..., nowu tubere inoduji.
Quando ferveu, começou (o peixe) a falar de novo: ‘M!... ‘M!... ‘M!..., assim fervendo.
21. Icare nowu imedu Meriri Baru akore: -- U! Aroe jirade itogeadure!
Então o homem
Meriri Baru disse: - Oh! Eu encontrei foi um espírito!
22. Du keje icare, karo makore pugeje, akore: Woie!... Woie!… Woie! (Woe.  Woe. Woe!)
Aí o peixe falou de novo dizendo: Aqui!... Aqui!... Aqui!...
23. Icare akogodure pugeje, akore: - ‘M!... ‘M!... ‘M!... ‘M!...
Depois falou de novo dizendo: - ‘M!... ‘M!... ‘M!... ‘M!...
24. Icare akore: - Woie…igo! Woie... igo! (woere ikodure, woere itugudure).
Depois acrescentou: aqui estou cozinhado, aqui estou cozido.
25. Icare, kodure. Icare ure tawuje, icare ore kugure ere kowuje.
Quando ficou cozinhado, tirou (o peixe da panela). Depois os meninos comeram.
26.Du kejere icare ere batagaje towuje, batagaje oia kujagureu, oia ekureu, du kejere icare ere to, ere pemegado, ere towuje.
Depois fizeram “batagaje” (cordão de peninhas), metade vermelho e metade amarelo. Eles o fizeram, o arrumara, o fabricaram.
27. Du kejere icare ere tubemegado, ere tugujagudo, ere tuiejiwudo, ere taipodo, ere tuiba gogudo, tuwo roia ta tabo.
Depois eles se enfeitaram: pintaram-se de vermelho, fizeram desenhos no rosto, amarraram o cabelo no occipício e nas têmperas, para cantar e dançar
28. Icare Tadugore tugeragu butoreji, ure tugera kogudo Ki Bakororo iera ra paru gajeje.
Então Tadugo pegou o cinto chocalho, e o amrro na munheca de Ki Bakororo.
29. Icare ere tugeragu panaji, parikoji, bapo kurireuji, baporoguji, du tabore icare eture tabo, ere turemo Ki Bakororo uwaito.
Depois pegaram a “pana”, o “pariko”, o chocalho grande e o chocalhinho e os levaram para acasa de Ki Bakororo.
30. Icare ere cewu Iro ko. Egore: Iroooo!
Depois cantaram o canto `”Iro”. Cantaram: - Iroooo...!
31 Akedu kejere icare Tadugore tugera bu Ki Bakoproro ao Keje, akore
Quando acabou, tadugo colocou mão sobre a cabeça de Ki Bakororo e disse:
32. “Oieigo jetuiaga, Bokodoriware iga oieigo wararere, tagaruia Bokuojeba Bakororo tuiagajejewu onawuio okeabijire. Oieigo jetuiga.”
“Aqui está o canto de Oieigo executado por mim Bokodori, a começar pela imposição do cinto enfeitado no afamado Bokuojeba Bakororo.Aqui está o canto de Oieigo”.
33. Du keje icare ere roia ta ji. Du keje icare emagore nowu cimo nonogoji, emagore nowu cimo kidoguruji, emagore nowu cimo kiogoagiriji, emagore nowu cimo kuje boji, emagore nowu cimo nabure buji, emagore nowu cimo nabure oiagaji, kuido oiagaji, emagore nowu cimo nabure aroji, , kujido aroji, emagore nowu tuie kejewu ciwaboe etoiagaji, emagore tuguie bokodoriji, emagore tuguie akiguji, emagore tuguie meririji, emagore uworo aroecebaji, emagore tuworo kurugugaji, emagore tuiaroedo puje duji, emagore tuwiadawu cugui biriji, Emagore tadugo Bakororo atugoji, emagore turijo oinono pureore duji, emagore tuwaiga ao keje duji, emagore Aijeji.
Depois cantaram para ele. No canto fizeram referência ao urucum, à resina, à penugem, às peninhas de mutum e de arara vermelha, às penas do pé da asa da arara vermelha e de arara amarela, fazem referência à viseira feita de penas de rabo de japu, fazem referência ao seu colara de unhas de tatu-canastara, falam do seu colar de linha de algodão, de seu colar de metal, do se enfeite de penas de águjia, de gavião caracaraí, falam dos representantes rituais, do seu tembetá de pele de tucano, de sua pintura de Bakororo, das pinturas, da semelhança mútua, dos enfeites da ponta do seu arco, falam do Aije."		Extração documental do DOCX; numeração, grafia, traduções/interpretações, vocabulário e notas preservados sem normalização. Alinhamento Bororo–português ainda não inferido automaticamente.
BOR-CORBO-BAK-08	08	08. RIWODO: O INHAMBU XORORÓ	(Coqueiro, Meruri,1983)	"Meridoge eture, ekodure... etaregodure ia tori kae.
Egore: - Pawoaduwo toriji.
Care nowu Merire tugeragu nowu toriji, ure barigu tododai.
Akore: - Cá! Arego!
Icare eregodure. Uwie kodure meji, ture tabo, nowu tori kae.
Umana kodo kori taci, nowu tori kae.
Ure tugeragu ji taci, nowu tuwie koda piji.
Akore: - Puigeje, Pugeje! (Nowu uwie akore pugejeiagu).
Kodi icare ure barigu pugeje. Ure barigu, kuci!
Icare eregodo kae pugeje.
10.Boekare! Nowu umanare tugo nowu tuwie kori...taci!
11.Ure tugeragu nowu tori, taci je.
Akore: - U!... Icare are bokwa jokodure.
Ure tugeragu ji pugeje.
Akore:- Icá! Ado arugadu!
Ure barigu kuci, tododai pugeje.
Akore: Ca! Arego!
Ekodure pumeji.
Icare epuredugodure nowu tori kae du kejere, nowu tori kodure, kodure krr... ! Buture kuri pao!
Eregodo rekodaji... Epuredugodure ae du keje, kodure pugeje.
Eregodo rekodaji. Epuredugodure ae du keje, kodure pugeje krr...!
Du keje eregodukare ji pugeje.
Icare nowu umana akore: - Inoba pagagomode ji?
Nowu uwie akore: - Iorudiwaka!
Umanare tuwiapagado tu... inoba tagomode jitu bogai.
Icare akore: - Pagagowo “riwodo, riwodo, riwodo, riwodo”, oino ji.
Egore: _ M! m! m! m!  Ie rugadu reo, akaru rugadu reo!
Kodi icare iere “Riwodo”, oinono.
Boetoji iere “ri”, iere “ri wudu” (pedra cai).
Du kejere ere pemegado, egore “Riwodo”, oino ji.
Icare ere iogwarido ji: -Wo!...
Tradução:
1. O sol e a lua foram embora. Andaram até que encontraram uma pedra.
2. Então falaram: - Vamos brincar com a pedra.
3. Aí o Sol pegou a pedra e a jogou para frente.
4. E disse: Eis! Corra!
5. Aí correram. O irmão mais novo ia correndo ao lado dele no rumo da pedra.
6. O mais velho passo na frente em direção à pedra.
7. Ele pegou a pedra antes que seu irmão mais novo.
8. O irmão mais novo disse: - De novo! De Novo!
9. Então ele a jogou de novo. A jogou kuci!
10. Aí correram de novo no rumo dela.
11. Nada! O mais velho passou na frente do mais novo, ta!
12. Ele pegou a pedra, taci!
13. E falou: - Oh! Então você não corre nada mesmo!
14. Pegou a pedra de novo.
15. E disse: - Eis! Prepare-se!
16. Aí jogou de novo a pedra para frente.
17. E disse: -Eis! Corra!
18. Correram juntos, E quando estavam perto da pedra.
19. Esta voou! Voou: krr...! E logo pousou de novo, pao!
20. Correram atrás, e quando estavam perto, esta voou de novo.
21. Correram atrás, e quando estavam perto, voou de novo, krr...!
22. Aí eles não correram mais atrás dela.
23.Então o irmão mais velho disse: - Como vamos chamá-la?
24.O mais novo respondeu: - Eu não sei!
25.O mais velho ficou pensando como iria chamá-la.
26.Depois disse: Vamos chamá-la “Riwodo, riwodo, riwodo, riwodo”, assim.
27.Responderam: M! m! m! Esse é o seu nome! É assim que vai se chamar.
28.Por isso que se chama assim: “Riwodo”.
29.Antes ela se chamava “pedra”, se chama: - “pedra cai”.
30.Depois eles corrigiram e a chamaram assim: “Riwodo”.
31.Aí eles a aclamaram: Wo!... (Ri butu = ri wudu =riwodo)"		Extração documental do DOCX; numeração, grafia, traduções/interpretações, vocabulário e notas preservados sem normalização. Alinhamento Bororo–português ainda não inferido automaticamente.
BOR-CORBO-BAK-09	09	09. ODOGE: OS SOCÓS	(Coqueiro, 1983)	"1. Ó rogu mugure woe tu... tore kugure ebo. Ore kugurere pobe tu je.
1. Estava aí o socó com os seus filhotinhos. Os filhotes dele eram só dois.
2. Icare makore nowu tore kugurei, akore:
-Taedu tugudo! Imeruwo. Iemaruwo bai... oino, iaboe rogu bogai tageje.
Akore: - Taedu tugudo, tamugu tugudo, tare kaba woje woje, boe parugajeje.
Akore: - Itaregodu marigumode.
Nowu ore kugure egore: - U!
2. Então ele falou para os seus filhotinhos dizendo: Fiquem sossegados. Eu vou caçar. Vou andar por aí a procura de alguma coisa para vocês comerem.
Disse-lhes: Fiquem tranqüilos, fiquem sossegados, não fiquem correndo para todo lado. Eu vou voltar logo.
Os seus filhotes responderam: Sim!
3. Icare uture. Rore taci icai tudure boeto kodi, tuiemaru tabo nowu tore kugure eke rogu bogai.
3. Depois foi embora. Sumiu no mato, procurando comida para os seus filhotinhos
4. Du kejere icare boe etaregodure nowu ore kugure etae.
Boekimo rema, Meridoge rade etaregodure nowu ore kugure etae.
4. Mas eis que alguém chegou aonde estavam os filhotes. Eram o Sol e a Lua que estavam chegando.
5. Icare nowu Meridoge egore: - Kaiba taobe ekodure?
Egore: - U! Woje!. Wojere ekodure.
Egore: - U! Kirabodu.!
5.Aí o Sol e a Lua   perguntaram: Para onde foi o vosso povo?
Eles responderam: - Neste rumo! Eles foram neste rumo.
Disseram: - Sim! Que coisa!
6. Icare nowu Merire tubujodo tuku enorogu apo, ure tugera raido jii nowu umana ae, ure tugerado já! Ja rogu keje. Rogu oragudure nowu tuia rogu kori koia.
6. Então o Sol se inclinou para eles. Alargou a mão para o mais velho e lhe rasgou a boca. O pobrezinho chorou pela dor que sentiu na boca.
7. Ure tugera raido nowu uwie ae pugeje, ure tugerado já rogu keje pugeje.
Akore nono nowu tumana akore pugeje. Akore Kui! Nowu tuia rogu kori koia.
7. Alargou a mão para o mais novo, e lhe rasgou também a boca. Ele reagiu igual a seu irmão. Ficou chorando pela dor que sentiu na sua boca.
8. Ure turagojedo taci, akore: - Oiio! Akoiogwari kiorogodudo. Rore taci icai tudure epiji kodi, cai tui enorogu pegado du piji;
8.  Aí levantou-se e disse: Oió! Não grita forte!
E foi-se embora deles, depois de lhes ter estragado o biquinho.
9.  Kodure jii toro! Du keje icare odoge etuo aregodure, aiwore tu je, nowu ore kugure enogwa rogu bodure. Akore: - Ioguduba roino tai?
9. Depois que ele foi embora, chegou o pai dos zocozinhos, viu que a boca deles estava rasgada e perguntou: - Quem fez isso com vocês?
10. Boekare! Emagokare. Makore ei pugeje, akore:  - Ioguduba roino tai? Emagokare.
10. Mas eles não responderam. Perguntou  de novo para eles: - Quem fez isso com vocês? Não responderam.
11. Du kejere icare korigodure, akore: - M! Ioguduba roino ei?
11 Aí ele ficou bravo e disse: Mh! Quem fez isso com eles?
12. Ure taredo kuri ... to kumao kae. Ure tumugudo tu je.  Ure taredo kuri... to akodu kae. Ure taredo kuri... to kirogo kae. Ure taredo kuri... to boeço kae.
12. Depois pulou no seu ... e o puxou.  Pulou no seu... , no seu ..... no seu... Pulou na sua noite.
13. Icare ure to pui, du keje icare ure tumugudo tabo, icare ure tudugu kuda, ure barigu baruto.
13. Juntou todos eles e os levantou jogando-os para o céu.
14. A! Icare boecodure tuku! Icare mugure woe. Mugure, mugure, mugure... Du keje icare nowu roinowuge ekudugodure tuge boi koia, ekudugodure tuge boi koia.
14.Ah! Logo ficou tudo escuro e ele ficou ai esperando. Esperou, esperou... e depois os que tinham mexido com seus filhotes começaram a gritar de fome.
15 Tuge boi koiare ekudugodure, egore: - Ka...o! Ka......o! .... m .m m....
Kuri kudugodure pugeje, akore: Ka...o! Ka.....o ... m  m  m...
15. Gritavam de fome dizendo: Ka...o! Ka ...o! m m m..
16. Du keje akore: Tagi rabora taroino itore kugurei!
Icare ure tugeragu nowu toeji, ure ako, ako, ako. Icare boeço akedure tu.
16.  Aí ele disse: Então foram vocês que fizeram assim com meus filhotes!
Então ele recolheu de novo os seus elementos e a escuridão acabou.
17. Du kejere icare etaregodure. Aiwore tu je ma, Meridoge rade eroino. Ekodure ae tu je. Meri akore: - Iwagedu, Kaba taboba aroino?
17. Depois eles chegaram. Ele ficou observando e viu que eram o Sol e a Lua.
Eles dirigiram-se a ele. O Sol lhe perguntou: - O que você está trazendo?
18. Akore: - U! Amode awu itore kugure  enogwa rogu bu puwugeje du keje imode aerduwado ji, imode mak’ akai jamedu.
18. Ele disse: Sim! Depois que você arrumar de novo a boca destes meus filhotes, eu vou lhe mostrar e entregar para você também.
19. Nowu Meri akore: - U! Itaidure awo mak’inai rugadu!
Ure nowu enogwarogu bu puwugeje, ure jorubo kuru bu enogwarogu keje, akore: -  Ca ! Ire enogwa bitudo.
Akore: - Imire itonagodumode nowu boeco raireuji.
Alore: - U!
19. O Sol respondeu: - Sim! Eu quero que você me dê mesmo.
Ele arrumou a boca deles, pois remédio nos lábios deles e disse: Eis! Eu fechei os lábios deles.
E disse: Eu vou ser o dono da noite comprida!
(O socó) respodeu: - Sim!
20. Icare ure nowu boeco raireu ure maku nowu Meri ae.
Akore: - Imearudu arodugodumode boecoto du keje inagogodumode,
Inagomode: - ‘0 ‘o! ...   ‘O ‘o .... ‘O  ‘o!...... oino, du bogaire awiapagamode, amearudumode nowu inago jitu keje, amode boeco akedudo.
20. Então entregou para o Sol a noite comprida, dizendo: - Quando eu estiver fastidiado da noite começarei a gritar.
Você fique escutando para quando eu gritar assim: ‘0 ‘o! ...   ‘O ‘o .... ‘O  ‘o!...... Quando você escutar esse meu grito, você acabará com a escuridão.
21. Akore: - Imire itonagodumode boeco kobo roguji.
Kodire Eceraere enore boeco raireu (Porque o sol, que é paiwedu deu para os Ecerae); Tugarege enore boeco koborireu.
21. E disse (a lua?): - Eu serei o dono da noite mais curta.
Por isso os Cerae são os donos das noites longas (Porque o Sol, que é paiwedu, deu para os Cerae) e os Tugarege são os donos das noites mais curtas.
22.Ecerae emaragodure joru kao boeco tabo, Tugaregere emaragodure butao kao boeco tabo.
Oino. Oto pa reno.
22. Os Cerae trabalham no tempo da seca (nas noites mais compridas). Os Tugarege trabalham  no tempo da chuva (quando as noites são mais curtas). É assim. Acabou."		Extração documental do DOCX; numeração, grafia, traduções/interpretações, vocabulário e notas preservados sem normalização. Alinhamento Bororo–português ainda não inferido automaticamente.
BOR-CORBO-BAK-10	10	10. BUTURORIDOGE ENO BAKARU (PAIWOE)	(Coqueiro)	"01.Boecodure, icare barogwa kododure, du kejere Meriri Baru (paiwedu) uwadodure.
01. Anoiteceu e amanheceu, e depois Meriri Baru (do clã dos bugios) deu aviso.
02.  Akore: - Taedadudo! Barogwa kododu! Taerduwo barogwa kododuji, tawo tae kabi, tamearudu awadudo tai
02. Disse: - Acordem! Está amanhecendo! Para vocês contemplar o amanhecer, para lavarem o rosto, para ficarem espertos.
03. Du kejere icare merure. Kodo jii du kejere icare aregodure bakuru kae.
03. Depois foi andar. Andou bastante e chegou ao lugar do vento.
04. U! Bakuru rakare! Kiogoagiri meture tada. Mare nowu kiogoagiri kugurigodure.
04. Sim! O vento estava forte. Dentro dele estava a penugem. Porém, essa penugem era fininha.
05. Aiwore ji tu je. Icare ure tugirimi. Kodo jii bato.
05. Observou-a somente. Depois voltou e dirigiu-se para a aldeia.
O6. Aregodure bato, akore: - Iordure aroeji! Itogeadure aroeji. Kiogoagire meture nowu bakuru tada, du kodire iroino tawogai.
06. Chegando na aldeia, disse: Eu vi um espírito, Eu encontrei um espírito. A penujem estava dentro do vento, por isso eu vim chamar vocês.
07. Akore: - Barogwato padumode bogai  paiamedu tabo.
07. Acrescentou: - Amanhã iremos todos por ele.
08. Barogwatore icare eture bogai.
08. No dia seguinte foram buscá-la.
09. Etaregodure nowu bakuru kae. Egore: - Ka koduboe akuruba? Kakoduboe akiriba?
09. Chegaram no lugar do vento, e perguntaram: - Que classe de vento? Que classe de penugem?
I0. Du kejere icare akore: - Boe koduwuboe imi karega. Aroe etagiri reno. Aroe imireo. Akore: Aroe Buturori itakuru reno, aroe Buturori itagiri reno
10. Então (a penugem) respondeu: Eu não sou qualquer coisa. Eo sou o espírito Penugem. Eu sou espírito. E acrescentou: -Eu sou o vento do espírito Buturori, eu sou a penugem do espírito Buturori.
11. Du kejere icare Tugaregere tuwu tuwugeje, egore: - Marigu, paregoduwo aroe akuru kuda, paerduwo ji.
11. Então os Tugrege se animaram dizendo: Vamos, corramos por baixo do espírito vento, para velo.
12. Egore: - Paerduwo kaboba. Paerduwawo kaboba akoino pudui.
12. E acrescentaram: - Para ver que coisa é. Para saber, o que ele fala de si.
13. Icare pogoriwe eregodure, ekodure, mare etaregodukare ae.
13. Depois os “pogoriwe” (pasarinhos que dormem nas cachoeiras), correram, voaram, mas não chegaram até lá.
14. Du keje icare piroje eregodure pugeje, mare etaregodukare ae.
14. Depois correram as andorinhas, porém não chegaram até lá.
15. Du keje merire eregodure, eerdu nure ji, mare etaregodukare ae. Ere tugirimi. Icare ure to akiri rogu bu tu ewugeje.
15. Depois correram os “merire” (patinhos da lagoa) mas não alcançaram a chegar, e voltaram. Mas o espírito lhes deu um pouquinho de sua penugem.
16. Parabaradoge (Patos da lagoa) eregodure pugeje. Etaregodukare ae mare eerdu nure ji. Ure tagiri rogu maku tu etai pugeje.
16. Depois correram os “Parabaradoge” (os patos da lagoa). Não chegaram até ele, porém, o viram. Ele lhes deu também de sua penugem.
17. Du keje turubare (pato grande) pugeje. Aregodure ae, mare ukare ciegi ji (não falou o seu nome). Ure tagiri rogu maku tu ai... Icare uture piji.
17. Depois foi a vez do “turubare” (pato grande). Chegou eté ele, porém não lhe falou seu nome. Deu-lhe de sua peninha e foi-se embora dele.
18. Du keje icare piodudu (o beija-flor), Boe egore piodudu porereu rogu, nono, rekodure pugeje. Aregodure ae, ure juredo ji inono, oino, ure taiado apo:  m m m!
18. Depois foi a vez de “piodudu” (o bieja-flor) Os Bororos o chamam “piodudu porireu”. Correu. Alcanço-o. Deu voltas ao redor, o rodeou: m m m!
19. Icare akore: - Kakoduwu aroe akibao?
19.Depois perguntou-lhe:  Que classe de espíto é você?
20. Akore: - U! Boe koduwu aroe imi karega.
Akore: - Kakodiwu akibao? Inoba ureuba akibao?
20. Respondeu: - Sim! Eu não sou qualquer espíriito.
Dosse-lhe: O que é você? Como é você?
21. Akore: - Boe koduwuboe imi karega. Aroe imi. Aroe remawu imireo. Imire ikiere Aroe Buturori. Kujagu nure.
21. Respondeu: - Eu nao sou qualquer coisa. Eu sou espírito. Eu sou verdadeiro espírito. Eu me chamo Aroe Buturori.É vermelha.
22.Icare uture piji. Kodo tumedage etae. Ure taiado oino p!
Akore: - Iordure ji: Aroe rabodu. Aroe remawu rabodu. Akore Aroe remawuie ure puduni. Puduie Boe egoe Aroe Buturori, Aroe Buturori, oino.
22. Depois (piodudu, o beijaflor) Foi embora dele (do vento com a penugem). Foi ter com os seus colegas e disse:  Eu o vi: é um espírito!  Disse que ele é um espírito importante: Que ele é chamado Aroe Buturori, assim: Aroe Buturori.
23. Egore: - Kode, marigu, paduwo ae, paerduwo ji.
23; Dissaram: - Então, logo, vamos a ele, para vê-lo.
24. Icare eture ae tododai. I! Keadu karega ure! Boe awuru rugu ureore ure tumugui Tugarege etogi.
24. Então foram um na frente do outro. Oh!  Não era nada ruim. Estava aí parecido como uma cápsula brilhante, na frente dos Tugarege.
25. Icare Tugarege etaregodure Buturori ae. Makogodure ei, akore: -Tagaregodure? Egore: - U! Cedaregodu.
25. Depois os Tugarege chegaram a onde estava Buturori. Ele começou a dizer-lhes: - Vocês chegaram? Eles responderam: Sim! Chegamos.
26. Akore: U! imi reo. Iire boe egore Aroe Buturori, Aroe Buturori, oino.
26. Respondeu: - Sim! Sou eu aqui. É a mim que chamam Espírito Buturori, assim: Espiritu Buturori.
27. Nowu tugarege egore: - M!...
27. Os Tugarege ficaram admirados!
28. Akore: - Mare toroiwamodukare ii.  Mare tori coreu tamode bu tori kujagureu keje, du tabore tawororomode iwogai. Itaregodumode bogai, imode iremo to rugadu.
28. Disse-lhes: - Mas vocês não vão dar conta comigo. Porém, vocês vão juntar duas pedras, uma preta e uma vermelha, e com isso vocês vão fazer festa em minha lembranza, eu vou entrar nelas de verdade.
29. Ki Bakororo jire tamode tarokagado nowu tori coreu tabo. Kaigu jire tamode tarokagado imi remawu itabo kujagureu apo.
29. Vocês vão fazer que Ki Bakororo experimente com a pedra preta. E vão fazer que Kaigu experimente com a pedra vermelha.
30. Nowu Tugarege egore: - Ii!... Oino.
30. Os Tugarege esclamaram: - Oh!... Assim.
31. Ca! Nonore icare nowu Aroe Buturori uture tuiato, woje jewaduiewoto, Bakororo bogai.
31. Eis! Depois o espiritu Buturori foi para se lugar, lá  para o abismo,  para o lugar de Bakororo.
32. Nonore icare nowu coreu okware tuiato Bakororo bogai. Nowu kujagureu uture tuiaoto, okware tuiaoto Itobore bogai. Cá! Urugadu!
32. Então o preto sumiu no seu lugar, no rumo de Bakororo. O vermelho sumiu no seu lugar, no rumo de Itobore. Eis! Acabou!
NOTA: Buturoridoge: As pedras enfeitadas.
Este ritual é representado durante o funeral, dentro do ritual de Parabagaradoge (as Taquaras rachadas)"		Extração documental do DOCX; numeração, grafia, traduções/interpretações, vocabulário e notas preservados sem normalização. Alinhamento Bororo–português ainda não inferido automaticamente.
BOR-CORBO-BAK-11	11	11. AERE O PASSARINHO MÃE-DA-LUA	(Coqueiro, Meruri,1984) Cf. Iwagududoge	"01.Boe eedure woe. Boe enure aroe enogwage parudo. Du kode Boe eedu pagare.
Boe eiamedu eedure bai tada, tuwiapaga tabo. Du kejere icare aroe ekudu padure boe kajeje.
Akore: - Aere ko ko...!
Akore: - Kae gae!
01.Os Bororos estavam fazendo uma celebração de comida de almas. Por tanto estavam quietos no baito, pondo atenção.
Nisso ouviu-se um grito de almas.
Um gritava: - Aere ko ko...!
Um outro gritava: - Kae gae...!
02.Icare Aroia Kurireu akore, Butoregadu akore. Egore – Tarodo po ei. Cegire cenomode emage.
02.Então os dois chefes Aroia Kurireu e Butoregadu disseram (para os outros Bororos): - Não vão lá, não. Eles vão ser nossos.
03.Ere tugeragu mea roguji, icare ere tugeragu apidorogodu uruji. Icare eture tabo toro ewogai toro ekudu paruto.
03. Pegaram então fumo, pegaram também cascas de buriti acesas e com elas foram no rumo do grito dos espíritos.
04.Etaregodure etae, egore: - Kakoduwu aroe tagiba taroino, tagaregodure?
04.Quando chegaram aonde eles estavam, perguntaram: - Que classe de espíritos são vocês que estão chegando?
05. Egore: - Boe kodiwu aroe cegi karega cedaregodure. Aroe Aere cegire cedaregodure.
05.Responderam: - Nós que chegamos não somos qualquer coisa: nós que chegamos somos os espíritos Aere.
06.Icare Aroia Kurireu, Butoregadu, egore: - M! Cegire cedonagodumode tai, du kodire boe ekujuagumode ceroi tagae duji.
06. Então os dois chefes disseram: - M! Vocês vão pertencer a nós. Por isso os Bororos vão se pintar de vermelho para nós vos representar.
07. Nowu coreu akore: - Aere ko ko...!
Nowu kujagureu akore: - Kae gae! Oino.
07. Então o preto disse: - Aere ko ko....!
E o vermelho disse: - Kae gae...! Assim!"		Extração documental do DOCX; numeração, grafia, traduções/interpretações, vocabulário e notas preservados sem normalização. Alinhamento Bororo–português ainda não inferido automaticamente.
BOR-CORBO-BAK-12	12	12. IMEDU CODUREU: HISTÓRIA DO VELHINHO	(Coqueiro)	"01.Barogwa kododure, icare nowu ore eture ae.
Egore: - Ioga, kaiba rakuduie pamode baado.
01De madrugada, os filhos de um Bokodori Eceraedu perguntam para ele onde aconselhava fazer o acampamento.
02.Akore: - U! Nono tare baado. Nonore taroiwamode ia rogu bogai ikeje. Nonore awu pawobe areme eroiwamode ia moto tadaboe rogu bogai ikeje.
Egore: - U!
02. Respondeu: - Sim! Vocés vão acampar ali onde vocês vão dar conta de encontra alguma coisa pare meu alimento. Ali onde as nossas mulheres vão dar conta de encontrar algumas batatinhas da terra para eu comer.
Responderam: -Sim!
03.Icare eture. Ekodo jii tuiemaru tabo awu otoji, awu kudo, awu pobodori, awu mice, awu oruru, awu makaoreboe, awu aigujo, awu pogodawu, awu otoe, awu poredawu, awu apogoe ewuregodu, awu brae ekera, awu kuobo. Nowuji boe enogwagere; bogaire boe emerure barogwa kododu tabo; nowure Boe ere parudo.
03.Então foram embora. Andaram bastante buscando (batatas): oto, kudo, podori, mice, apogoe ewuregodu, brae ekera, kuobo. Isso que os bororos comem; são essas batatas que os Bororos vão procurar durante o amanhecer, com isso que os Bororos fazem festa.
04. Kuo, apeo, noa, motore, oce, rito; apeo kudu, rito kudu, ak. Nowu bogai Bokodori makore.
Akore:
- Nonore tare baado, nonore taroiwamode ikerogu bogai.
04 (Cocos)kuo, apeo, noa, motore, oce, rito; (palmitos):
apeo kodu, rito kodu, akó. Foi isso que o Bokodiri falou.
E disse: É ali que vocês vão fazer acampamento. Alí vocês vão dar conta de conseguir a minha comidinha.
05.Akore: - Nowure koborire poboto; nonore pemegare kuridoge etai poboto.
Akore: - Tagaba barudo raido: kuridogedu metugodumode.
05. O lugar deve ficar perto do rio para estar ao alcance fácil dos velhos.
E acrescentou: - Não devem ir muito longe, para o velho não cansar.
06. Akore: - Nonore tare baado; nonore taroiwamode ia metugurogu bogai, ia riwodu rogu bogai, ia kuorogu bogai, ikuduwo kuru roguce. Akore.
06.Disse: - Alí vocês façam o acampamento, ali vocês poderão encontrar algumas pombinhas, alguns inhambuzinhos, alguns jaózinhos, para eu beber o seu caldinho.
07. Icare nowu ore egore: - Inoba pagagomode paoji, pagimejeraji?
Nonore icare ere tuo iedo.
07. Então os filhos disseram: Que nome vamos dar ao nosso, pai e chefe? Aí eles deram nome a seu pai.
08. Egore: - Inoba pagagomode ji?  “Badojeba Magurereu”, “Badojeba Tugokiareu” oino ji?
08. Disseram: Como vamos chamá-lo? Vamos chamá-lo de Badojeba Magurereu, Badojeba Tugokiareu?
09. Egore: - A! Oinono pagagomode ji rugadu. Oinono pagagomode ji rugadu. Icare ere iogwarido ji: - Wo!...
09. Disseram: - Ah! É assim como vamos chamá-lo mesmo. È assim que vamos chamá-lo mesmo! Aí eles o aclamaram Wo!
0. Du kodi icare nowu  Bokodori Eceraedu iere Badojeba Magurere, iere Badojeba Tugokiareu.
10. Por isso que o Bokodori Eceraedu se chama Badojeba Magurereu,Badojeba Tugokiareu.
Interpetação: Trata-se da preparação de um “maguru” (passeio tradicional bororo quando a comunidade ou  um clã, ou uma família, passa algum tempo acampado no mato, geralmente na beira de algum rio ou córrego, as mulheres procurando batatas e palmitos e as crianças matando passarinhos, para alimentar bem os velhinhos. Aqui se trata de um “maguru” especial para os velhinhos junto com as mulheres e e crianças.
No grande “maguru”  em que toda aldeia participa, os rapazes iniciados, junto com os homens caçadores e pescadores, afastam-se longe para caças aves maiores e  bichos grandes  ou fazer grandes pescarias,  para alimento de toda a comunidade,  seja no acampamento, seja de volta na aldeia, e para realização de rituais solenes, tais como Kare eparu, Barege eparu ou Boe enogwage paru, ou algum funeral: trazendo para a aldeia  alimentos  para durante o tempo das chuvas: carnes defumadas,  penas preciosas, madeiras para arcos e flechas e outros elementos para a conservação física e cultural da comunidade  durante a chuva.
O grande “maguru” é feito durante o tempo da seca.
Caçadas e pescarias eram também feitas a partir da aldeia, dependendo da necessidade, e do tempo em que os peixes subiam ou desciam, ou os animais saiam de suas tocas, quando os homens e rapazes, deixando as mulheres com as crianças e os velhinhos na aldeia, depois de se preparar cantando durante a noite, madrugavam a pescar ou caçar, e pelo meio dia voltavam, trazendo cada um sua porção de carne."		Extração documental do DOCX; numeração, grafia, traduções/interpretações, vocabulário e notas preservados sem normalização. Alinhamento Bororo–português ainda não inferido automaticamente.
BOR-CORBO-BAK-13	13	13. KAIGU e AIJE AKIRIREU, KAIGU EO ZUNIDOR ENFEITADO COM PENUGEM.	(Coqueiro)	"01.Kaigu ure tubemegado, ure tugujagudo, ure cimorigogudo, ure meru o tugu kiogoagirito, ure okodo nowu cimorigogu tabo. Nowu imorigogu iere “ae”, boe etao iku.
01.Kaigu (um chefe do clã dos Bokodori Ecerae), se enfeitou, se pintou, se amarrou o cordão de sedem de cabelo, colocou ferrão de arraia no seu “kiogoaro”, colocou-o junto com o seu cordão, esse cordão chama-se “ae”, cordão (de cabelo) amarrado na cabeça,
02. Ure taipodo, ure bokodaga tugu taipoto, ure baragara tugu taipoto, ure kurugugoe etugu taipoto, ure pogea kejewu tugu taipoto. Du tabore icare uture aije ae bakujebiji.
02. Se fez pituca, colocou na sua pituca pregos de resina, colocou na sua pituca pregos de penas, pregos de rabo de gavião, e outros pregos ornamentais. Assim ornamentado ele dirigiu-se a procura do Aije, fora da aldeia.
03. Kodure kuri to aije ae. Icare ure tugera tugu to. Nowu aijere turagojedo baruto. Ure tumugudo keje. Icare ure tuie jodo, du tabore ure tubodo bure tabo, ure bure to pui pa. Bure aogware baruto. Awu okea jeture motoji po. Ure cinogido gu... tuwi tabo. Du reno
03. Correu no rumo do seu zunidor e o acionou. O zunidor levantou-se para o alto. O homem o puxou com força. Nisso a corda do zunidor desceu e enrolou-se no pé dele, os dois pés bateram um no outro, os dois pés foram levantados para o alto e o homem caiu de bruços no chão e ficou esticado e morto. Èra isso.
."		Extração documental do DOCX; numeração, grafia, traduções/interpretações, vocabulário e notas preservados sem normalização. Alinhamento Bororo–português ainda não inferido automaticamente.
BOR-CORBO-BAK-14	14	14. BOED EWADARU REMAWU (Na chegada de um chefe)	(Ditado por Coqueiro) | Comprimentando os chefes e sub chefes de todos os clãs. Aqui Coqueiro começa pelos Tugarege seguindo o sentido do relógio, tendo em conta também os sub-clãs que hoje já não existem mais, e seguindo com os Ecerae. Este é o esquema da aldeia mais simples e mais aceito.	"Boe egore:
-  “Itaregodu”.
Mano Kurireu itaregodu. Ar.
Tadugo itaregodu. Iw.
Aroia Kurireu itaregodu. Iw.
Okoge Ebowu itaregodu.Iw.
Butoregadu itaregodu. Iw.
Kaboreu itaregodu. Ar.
Baitogogo itaregodu.. Ar.
Akaruio Boroge itaregodu. Ap.
Apuie Eceba itaregodu Ap.
Kuruguga itaregodu. Ap.
Meriri Baru itaregodu. Pai.
Jerigi Otogiwu itaregodu. O Ec.
Mamuiawuge Eceba itaregdou . Bak
Akaruio Bokodori itaregodu. Bak.
Kaigu itaregodu. Bok.
Kiogo Birigedu itaregodu. Bok.
Bokodoribaru itaregodu . Bok.
Barameri itaregodu Bok.
Barogo Bororo itaregodu. Bok.
Aromerere itaregodu . Bok.
Koiwo Aogejewu itaregodu Bok.
Ki Bakororo itaregodu. Ki.
Torobaru itaregodu. Ki.
Atugoreu itaregodu Ki
Oca Kudureu itaregodu. Bad. Cob.
Arua itaregodu. Bad. Ceb.
Bakoro Kudu itaregodu.Bad. Ceb.
Interpretação:
Quando um chefe chega a outra comunidade, costuma se apresentar assim:
."		Extração documental do DOCX; numeração, grafia, traduções/interpretações, vocabulário e notas preservados sem normalização. Alinhamento Bororo–português ainda não inferido automaticamente.
BOR-CORBO-BAK-15	15	15. HITÓRIA DA REDE BORORO	Coqueiro, Meruri 1984, Iwagududoge.	"01. Buke ure ciegi Tugaregei, akore: - Buke imireo (2).
02. Icare akore: - Aroe nure imi.
03.Taroiwamodukare ii, mare bukidaguru jire tamode taro okududo, tamode tagago okududo. Tamode ikudodudo jii je.
04. Du kejere icare tamode okwa towuje.
05. Du kejere icare tamode botu tawuje. Nowu botu koiare umode gugudodu kuricigodo. Dure karomodukare cinorudo piji. Dure buture towu karo tagemode ema rugadu.
06.  Akore: - Tamode kugoe eporeu tugu to jamedu. Tamode udo pagera awubodure, tamode udo pagera pudogidure. Du keje gugudu kurimode.
07. Tamode ru boroja tugu to jamedu. Du kodire gugudu kurimode jamedu. Dure karomodukare cinorudo piji.
08. Akore: - Bokodaga iwo bogaire tare tagado epace. Buko iwo bogaire tare tagado epace.
Akore: - Arii iwo bogaire tare tagado epace.
09. Oinre buke akore tujebaeji. Awu jire ure Tugarege ewie icai tumode tuwogwado du keje. Oino.
10. Nowu bukidagurure iere jamaroro. Oinore nowu buke akore ieji. Nowu buke koiare ure nowu bukidaguru iedo jamaroro.
Interpretação:
01. A rede apresentou-se aos Tugarege dizendo: - Eu sou a rede.
02. E acrescentou: - Eu sou espírito.
03. Vocês não vão poder comigo, mas vocês vão pelejar com seda de folha de palmeira e vão fazer muita corda.
04. Depois vocês fazem a beirada.
05. Depois vocês fazem a malha. Por causa da malha ela (a rede) vai ficar bem mole. E o peixe não vai poder escapar dela. Aí o peixe que cair nela será mesmo vosso alimento.
06. Vocês vão pôr nela “Kugoe eporeu” também.Vocês vão pôr cinco, vão pôr dez. Assim ficará muito mole.
07. Vocês vão pôr nela Ru boroja (malha parecida com a abertura das pernas de sapo). Com isso ela vai ficar muito mole e o peixe não vai escapar dela.
08. Disse: - Vocês vão procurar varas de árvore de resina para pôr nela, vão buscar varas de marmelada preta e de marmelada de espinhos para pôr nela.
09.  Assim que a rede falou de suas elementos. Foi isto que ela falou para os Tugarege quando ela ia desaparecer.
10. Essa seda chama-se jamaroro. Foi assim que a rede a chamou.  Foi a rede que chamou a seda de  jamaroro.
Vocabulário:
Kugoe eporeu: malha adicional em forma de coxa de gafanhoto, presa como laço no corpo da rede, usado como chamariz mágico para os peixes.
Ru boroja: malha parecida com a abertura das pernas do sapo, nome dos buracos da malha da rede.
Jamaroro: nome ritual da seda de tucum, com a qual os Bororos construíam as suas redes de pescar."		Extração documental do DOCX; numeração, grafia, traduções/interpretações, vocabulário e notas preservados sem normalização. Alinhamento Bororo–português ainda não inferido automaticamente.
BOR-CORBO-BAK-16	16	16. ARUGUJE (Penas de gavião caracaraí) (Coqueiro, 31/07/82)	A voz do povo é: 'm 'm 'm 'm 'm! (Coqueiro) | (Informações de Coqueiro)	"Bokodori Ecerae etumana ure tumugudo.
Icare kudugodure, ure tugudu amagadudo.
Icare ure nowu i botudo. Icare ure akurudo kuru bogai.
Icare ure kuru tawuje.
Akore: - U! Ka kodiboeba? Pagago kawo: ""bokodaga i"" ino ji?
Akore: - U! Nono rugadu. Nonore iemode, nonore akarumode.
Ere iogwarido ji :U!...
Icare egogodure 'm 'm 'm 'm 'm !
Du kejere icare ruture ito.
Ure tuwu to, i oto keje. Ure nowu aru boe, itura boe, ure tuwaradudo ema. Icare ure tuwu keje. Ure tamagadudo. Ure tuiogodo pudui.
Ka! Nowu bo, nowu ikodo, nowu oiaga ure tarogwado dugu dugu dugu.
Aiwore pudui tu... ure turugadu.
Icare ocagodure. Akore: kui kui kui kui kui!
Icare uwiemage ere tado tuwugeje toro ji tu... Egore: U! Tagaiwodo: aruguje.
Kode ie rugadu aruguje. Ere iogwarido ji.
Icare kudugodure pugeje, akore: ""káo!"", oino.
Boekimorema, uradure ciwabodo pudumi pugeje, du ciwabore kurire. Dure iere ciwabo cereu.
Icare ure turawuje moto kae, nowu tuwiemage etae.
Nowu tuwiemage ere iogwarido ji, egore: Wa!!! 'm 'm 'm 'm 'm!
Icare ere bakuririgo iji pugeje, nowu bokodaga iji.
Du tabore icare arure turawuje.
Aru rore dogo dogo dogo dogo... moto kae.
Ia buture poboto jogo jogo jogo jogo!
Icare je jarere:  co! co!
Etaiwore toro tu... boekare: kare rabodu nowu bokodaga aru rema pugeje.
Egore: inoba pagagomode ei?  Inoba pagagomode eieji?
Nowu etumana akore: - pagagomodukare eieji, pagagomode ""araru araru"" oino eieji?
Icare egore: U! Oino rugadu.
Icare ere iogwarido ei: Wa!!!, oino.
Du kodire ararere boe egore ""araru araru"", oino ei.  Woje Pogubo tada.
Pugeje: icare nowu etuwiegodu rogu remawu, etubegagurogu, boadure pugeje.
Nowu bokodaga kuru epa rokoe enogurareu iwo roguji pugeje.
Icare ure togwa tugu to: ure akodo"" ci ci ci, ci ci ci"". Cewu tumana ako reore: ""Imi-iare wakore ekogori-wo-kore ekuio ekuio, Ó!”
Nono ure taredo poboto co!
Ure tuwure to poboto: popo po popo po..
Uwie akore: Ari o, ari ó, ó ó (2)
Imi - iri  - wokore, o-ro-go-ri wo-kore.  Ari o, ari o ó!
Nono ure taredo poboto pugeje co!
Ure tuwure to poboto popo po popo po... pugeje, cewu tumeduia reore.
Du keje icare ere tureo mugudo ecewu ture barigu pobotowu togodawu bokodaga gigaduji: co!...
Egore 'm m 'm 'm 'm!
Nowu enogodawu bokodaga padure pobo kajeje taci taci taci! Karo pudabo: roko pudabo, jura akadureu pudabo, je kujagureu pudabo, jatugugo pudabo.
Nowu bokodaga koiare ure udo pudumi.
Icare egore: ""cebara bara (2X)
ako rutu ma ma
Anabo paruji.
Egogodure pugeje: 'm 'm 'm 'm 'm
Boe egore: Okoge, cebara bara (2X)
ako rutu ma ma
Anabo paruji.
Egogodure pugeje: 'm 'm 'm 'm 'm
Boe egore: Okoge, cebara bara (2X)
ako rutu ma ma
Pora paruji.
Egogodure pugeje: 'm 'm 'm 'm 'm
Boe egore: Okoge, cebara bara (2X)
ako rutu ma ma
Mano paruji.
Egogodure pugeje: 'm 'm 'm 'm 'm
Boe egore: Okoge, cebara bara (2X)
ako rutu ma ma
Orabo paruji.
Egogodure pugeje: 'm 'm 'm 'm 'm
Boe egore: Okoge, cebara bara (2X)
ako rutu ma ma
Orowaribo paruji.
NOTA: Os cantores são Ino e Kaigu.
Observações sobre classificação de cantos:
Tugaorido (canto de funeral)
Tugo para (canto de maguru)
Jora (cantos fora do funeral: kare eparu, barege eparu)
Vocabulário:
Anabo (folha de lagoa)
Pora (folha de lagoa)
Mano (planta de lagoa)
Orabo (capim de lagoa)
Orowaribo (água, rio)."		Extração documental do DOCX; numeração, grafia, traduções/interpretações, vocabulário e notas preservados sem normalização. Alinhamento Bororo–português ainda não inferido automaticamente.
BOR-CORBO-BAK-17	17	17. ARIAGAODOGE, OS CACHORROS (FAZEM FESTA)		"(Antônio Kanajó)
14.+ (versão de Kanajó, cantada por ele: lento)
Arigao ewureracere pudo arowe edugododu okwa bukorire.
Arigao             “          “         “    ekenawudodu okwa    “
“                  “          “          “   erugudodu           “       “
“                  “          “          “   etagiridodu          “       “
“                  “          “          “   etoiagadodu         “       “
“                  “          “          “   ekuiedodu            “       “
“                  “          “          “   eworododu           “       “
“                  “          “         “    ekigadodu             “       “
15. Arigao ewureracere pudo arowe etaregodudodu okwa bukorire
eiarurudodu
ekudugodudodu
enojadodu
emagododu
etadugododu
ekenawudodu
erugudodu
etagiridodu
etoiagadodu
ekuiedodu
eworododu
eimododu
eiogwaiododu
emuguiadodu
eparaduiadodu
ekigadodu
Interpretação
Os cachorros fazem festa (dançam) quando os Bororos: chegam(etaregodu),  quando fazem barulho (eiaruru), quando gritam (ekudu), quando assobiam (enoja), quando conversam (emago), quando são pintados e enfeitados (etadugo, ekeenawu, erugu, etagiri, etoiaga) quando recebem colares (ekuie, eworo), quando são enfeitados (eimo), quando  entram no baito (eioguaio), quando estão sentados (emuguia), quando se movimentm (eparadu),  quando recebem enfeites de alfinetes (ekiga).
Observaçaõ: Estas estrofes pertencem á série de cantos Roia Umanareu do clã dos Bokodori ecerae (cf. Cantos Bororo, I Boe Ekeroia, Bokodori Ecerae Ekeroia Umanareu.), aqui o colocamos na lista das histórias porque descreve um aspecto importante da presença dos cachorros nas comunidades bororo tradicionais.
Vocabulário:
ewureracere: e-(deles), burera (canela da perna), cere  ( se movimenta): palavra ritual para indicar dança, festa.
Última revisão:
Casa Paulo VI, 22/06/2021.
P. Ochoa."		Extração documental do DOCX; numeração, grafia, traduções/interpretações, vocabulário e notas preservados sem normalização. Alinhamento Bororo–português ainda não inferido automaticamente.