id	section	title	speaker	translator	source_number	translation_number	source	reviewed	portuguese	editorial_note
BOR-CORBO-BOE-01-001	1	IMEDU RO AKO BOE	Antônio Kanajó	Sandra Aroe Poiwo	01	01	Oinore boe egore tore kugurei. Boe erore tore kugurei.		É desse jeito que os bororo falam com seus filhinhos, fazem com seus filhinhos.	
BOR-CORBO-BOE-01-002	1	IMEDU RO AKO BOE	Antônio Kanajó	Sandra Aroe Poiwo	02	02	Boe etonaregedu buture, boe etonaregedu imedurogu buture.		Quando seu filho nasce, seu filho menino nasce.	
BOR-CORBO-BOE-01-003	1	IMEDU RO AKO BOE	Antônio Kanajó	Sandra Aroe Poiwo	03	03	Icare boere iedo, boere tonaregedu imedurogu iedo.		Então eles lhe dão o nome eles dão o nome para seu filhinho.	
BOR-CORBO-BOE-01-004	1	IMEDU RO AKO BOE	Antônio Kanajó	Sandra Aroe Poiwo	04	04	Icare boere. Imedu rema, boere okwa porodo, boe eragodure ie paruji, okwa paruji jii tu Ca, boere iedo taci, icare ie akedure, icare boere rogu bu.		O tempo foi passando e ele se tornou um homem, os bororo furam-lhe o beiço e cantam por um bom tempo o canto para dar o nome ou para furação do beiço. Logo dão o nome e quando termina, o  deitam.	
BOR-CORBO-BOE-01-005	1	IMEDU RO AKO BOE	Antônio Kanajó	Sandra Aroe Poiwo	05	05	Icare merure, merugodure, batarugodure.		Quando ainda é criança vai crescendo, crescendo e então ele anda, começa a andar e a falar bem.	
BOR-CORBO-BOE-01-006	1	IMEDU RO AKO BOE	Antônio Kanajó	Sandra Aroe Poiwo	06	06	Icare akore: “Ioga”, oino. Akore: “Imuga”, oino. Akore: “Aja”, oino. Akore: “Mama”, oino. Akore: “Ikê boiri”.		Então ele diz: “Papai”. Diz: “Mamãe”. Diz: “Quero papinha”. E diz: “Estou com fome”.	
BOR-CORBO-BOE-01-007	1	IMEDU RO AKO BOE	Antônio Kanajó	Sandra Aroe Poiwo	07	07	Ica, icare makore, icare batarure. Boe egore: “Ica, care batarure”, oino.		Então ele já fala, conversa. E os bororo dizem: “Então agora ele conversa”.	
BOR-CORBO-BOE-01-008	1	IMEDU RO AKO BOE	Antônio Kanajó	Sandra Aroe Poiwo	08	08	Ica care merure, care jorduwagodure.		Então ele anda e começa a entender bem.	
BOR-CORBO-BOE-01-009	1	IMEDU RO AKO BOE	Antônio Kanajó	Sandra Aroe Poiwo	09	09	Dukeje icare boe emagore ji, boere pagududo, boe egore: “Atu kaba toro”. Oino boe egore.		Daí então os bororo falam com ele. Eles o assustam. Os bororo falam: “Não vá lá”. É assim que falam: “É de bicho que os bororo têm medo”.	
BOR-CORBO-BOE-01-010	1	IMEDU RO AKO BOE	Antônio Kanajó	Sandra Aroe Poiwo	10	10	Kugure boe epagudae rema. Boe egore: “Kugu”, oino. Egore: “Atu kaba toro”, oino. Boe egore: “Adugo”, oino.		Os bororo dizem: “Olha lá o curujão!”. Eles falam: “Não vá lá”. Eles falam: “Olha lá a onça”.	
BOR-CORBO-BOE-01-011	1	IMEDU RO AKO BOE	Antônio Kanajó	Sandra Aroe Poiwo	11	11	Bari, boe etore epagudure barice, boere tonaregedu pagududo barice.		Pajé, é do pajé que as crianças dos bororo têm medo. Os bororo assustam suas crianças com o pajé.	
BOR-CORBO-BOE-01-012	1	IMEDU RO AKO BOE	Antônio Kanajó	Sandra Aroe Poiwo	12	12	Boe egore: “Atu kaba toro, nowu bari kodo mato, barimode awia porodo, barimode awaga kado”. Oinore boe egore tonaregeduji.		Eles falam: “Não vá lá, o pajé vem aí, o pajé vai furar-lhe a orelha, o pajé vai lhe capar”. É assim que os bororo falam com seus filhos.	
BOR-CORBO-BOE-01-013	1	IMEDU RO AKO BOE	Antônio Kanajó	Sandra Aroe Poiwo	13	13	Boe enure tonaregedu pagududo. Boe enure tonaregedu buredo. Boe eure kirimi.		Os bororo assustam seus filhos, brecam os filhos, não deixam os filhos soltos.	
BOR-CORBO-BOE-01-014	1	IMEDU RO AKO BOE	Antônio Kanajó	Sandra Aroe Poiwo	14	14	Boe egore: “Atu kaba toro”. Oino boe egore: “Aro kaba oino”. Boe egore: “Rie”, oino. Boe egore: “Kugu”, oino. Boe egore: “Umode toedo ai”, oino. Boe egore: “Umode tododo ai”. Oino boe egore.		Os bororo falam: “Não vá lá”. Os bororo falam: “Não faça isso”. Os bororo falam: “Olha lá o lobo”. Os bororo falam: “Olha lá o bicho”. Os bororo falam: “Ele vai te morder”. Os bororo falam: “Ele vai te bicar”.	
BOR-CORBO-BOE-01-015	1	IMEDU RO AKO BOE	Antônio Kanajó	Sandra Aroe Poiwo	15	15	Bari, boe egore: “Barimode awia porodo”, oino. “Barimode awaga kado”, oino.		Pajé, os bororo falam: “O pajé vai furar-lhe a orelha, o pajé vai lhe capar.”	
BOR-CORBO-BOE-01-016	1	IMEDU RO AKO BOE	Antônio Kanajó	Sandra Aroe Poiwo	16	16	Kodire boe etonaregedu pagudure, boe etonaregedu mearutorure, boe etonaregedu pagudure.		Por isso que os filhos têm medo, os filhos dos bororo são obedientes, os filhos dos bororo têm vergonha.	
BOR-CORBO-BOE-01-017	1	IMEDU RO AKO BOE	Antônio Kanajó	Sandra Aroe Poiwo	17	17	Tudumode jice ia boe ewai kae duji, tumode turemo ia boe ewai to duji. Boe ekare tonaregedu rokowo.		Quando ele vai até a casa de alguém, se por acaso ele entrar na casa de alguém, os bororo não deixam os filhos fazerem o que querem na casa dos outros.	
BOR-CORBO-BOE-01-018	1	IMEDU RO AKO BOE	Antônio Kanajó	Sandra Aroe Poiwo	18	18	Egore: “Aro kaba aino”. Oino, boe egore: “Mato”. Oino, boe egore tonaregedu imeduji guu, guu, guu...		Eles falam: “Não faça isso”. Os bororo falam: “Vem cá”. Os bororo falam muito com seus filhos.	
BOR-CORBO-BOE-01-019	1	IMEDU RO AKO BOE	Antônio Kanajó	Sandra Aroe Poiwo	19	19	Care boe etonaregedu padure boe ebo tu, tu, ba tada.		Então o menino tornado homem começa a dormir com os outros homens na casa central, baito.	
BOR-CORBO-BOE-01-020	1	IMEDU RO AKO BOE	Antônio Kanajó	Sandra Aroe Poiwo	20	20	Oinore boe erore tu, tu, tu, je.Care o bare, icare boere o bado. Ica dukeje icare padukare tuwobe ebo pugeje.		É assim que os bororo sempre fazem. Então depois de estar preparado ele entra na iniciação do homem, então os bororo dão iniciação a ele, aí então ele não dorme mais com seus parentes.	
BOR-CORBO-BOE-01-021	1	IMEDU RO AKO BOE	Antônio Kanajó	Sandra Aroe Poiwo	21	21	Nonore icare utu nure boe epiji. Boe etonaregedu imedu utu nure boe epiji. Dure icare o bare, icare jordure aijeji, icare padure bai tada, icare boere o bado; ica, dukeje icare padukare tuwobe ebo pugeje, nonore icare utu nure boe epiji. Boe etonaregedu imedu utunure boe epiji. Dure icare o bare, icare jordure aijeji, icare padure bai tada, icare padure bai tada, icare unudure bai tada, icare jordure aroei. Jordure aijeji.		Aí então ele está deixando de ser uma pessoa dependente dos parentes, tendo entrado na iniciação, ele já conhece aije, já dorme no baito, já viu as almas.	
BOR-CORBO-BOE-01-022	1	IMEDU RO AKO BOE	Antônio Kanajó	Sandra Aroe Poiwo	22	22	Icare merure boe ebo, icare ure karo bito, ure barogo bito tudugo remawu tabo gu, gu...		Então já caça com os homens, então ele já mata peixe, ele já mata bicho até mesmo com suas próprias flechas.	
BOR-CORBO-BOE-01-023	1	IMEDU RO AKO BOE	Antônio Kanajó	Sandra Aroe Poiwo	23	23	Oino iparedu nure ema; iparedu, oinore boe egore, iparedu, iparedure ema gu, gu, gu...		Agora ele já é rapaz. Os bororo o tratam mesmo de rapaz.	
BOR-CORBO-BOE-01-024	1	IMEDU RO AKO BOE	Antônio Kanajó	Sandra Aroe Poiwo	24	24	Icare ure karo bito, ure barogo bito.		Então ele mata peixe, mata bicho, então ele já é homem.	
BOR-CORBO-BOE-01-025	1	IMEDU RO AKO BOE	Antônio Kanajó	Sandra Aroe Poiwo	25	25	Icare imedure ema, dukeje icare uwirere, ia aredure tumagu ai rugadu.		Aí então ele casa, uma mulher casa com ele.	
BOR-CORBO-BOE-01-026	1	IMEDU RO AKO BOE	Antônio Kanajó	Sandra Aroe Poiwo	26	26	Toro boe jaowuge, imedu karega ure tuwiredo, aredure ure tumagu imedu ai, iparedu ai.		Antigamente não eram os homens que procuravam para casar, eram as mulheres que se entregavam para o homem, para o rapaz.	
BOR-CORBO-BOE-01-027	1	IMEDU RO AKO BOE	Antônio Kanajó	Sandra Aroe Poiwo	27	27	Tuge boi koia, uwo karo bito tugeje.		De fome para que ele matasse peixe e bicho para ela comer.	
BOR-CORBO-BOE-01-028	1	IMEDU RO AKO BOE	Antônio Kanajó	Sandra Aroe Poiwo	28	28	Ica; icare imedu aregodure pudae, icare uwirere; icare onaregedure, icare ore kugurere.		Então ele começa a ser um homem experiente e se casa, tendo filhos.	
BOR-CORBO-BOE-01-029	1	IMEDU RO AKO BOE	Antônio Kanajó	Sandra Aroe Poiwo	29	29	Ica, nonore icare imedu nure ema. Nonore icare boe etuore ema. Boe egore: “Ioga”, oino.  Boe egore: “Pao”, oino. Boe egore: “Ioga”, oino.		Então ele já é um homem, já se torna um pai para os bororo. Os bororo lhe chamam de pai.	
BOR-CORBO-BOE-01-030	1	IMEDU RO AKO BOE	Antônio Kanajó	Sandra Aroe Poiwo	30	30	Boe etuo nure ema gu, gu, gu...		Ele se torna um pai para os bororo.	
BOR-CORBO-BOE-01-031	1	IMEDU RO AKO BOE	Antônio Kanajó	Sandra Aroe Poiwo	31	31	Ah! Mearduwareu, jorduwareu, mearduware; icare uragodure, mearudure boe ekeroiaji, jorduware boe ekeroiaji, icare uragodure, urare.		Aquele que é inteligente, que sabe e é inteligente então ele canta e sabe cantar mesmo. Ele sabe a linguagem e ele começa a cantar.	
BOR-CORBO-BOE-01-032	1	IMEDU RO AKO BOE	Antônio Kanajó	Sandra Aroe Poiwo	32	32	Ia mearduwa rakareu boe eimejerare ema, boe eimejerare ema. Boe egore: “Pagimejera”, oino ji. Boe egore: “Boe eimejera”, oinore ji. Boe egore: “Pao”, oino ji.		Aquele que é inteligentíssimo se torna um chefe, os bororo o chamam de nosso chefe, os bororo o chamam de chefe dos bororo, os bororo o chamam de nosso pai.	
BOR-CORBO-BOE-01-033	1	IMEDU RO AKO BOE	Antônio Kanajó	Sandra Aroe Poiwo	33	33	Boe eimejerare ema, boe eimejerare ema, boe egore: “Pagimejera”, oino ji. Boe egore: “Pagimejera”, oino ji. Boe egore: “Boe eimejera”, oino ji.		Ele é chefe, os bororo falam: “Oh, nosso chefe. Oh, nosso chefe.”	
BOR-CORBO-BOE-01-034	1	IMEDU RO AKO BOE	Antônio Kanajó	Sandra Aroe Poiwo	34	34	Boe egore: “Pao”, oino ji. Boe egore: “Ioga”, oino ji, gu, gu, gu...		O bororo falam: “Oh, nosso pai”. Os bororo falam: “Oh, meu pai”, por muito tempo...	
BOR-CORBO-BOE-01-035	1	IMEDU RO AKO BOE	Antônio Kanajó	Sandra Aroe Poiwo	35	35	Ica! Care pegagodure, icare pegagodure ,icare boe egore: “Pao pega”, oino ji.		Então ele começa a envelhecer, os bororo o chamam de meu pai.	
BOR-CORBO-BOE-01-036	1	IMEDU RO AKO BOE	Antônio Kanajó	Sandra Aroe Poiwo	36	36	Aredu akore: “Ioga pega”, oino. Aredu akore: “Ioga pega”, oino ji. Boe egore: “Paedaga pega”, oino ji. “Iedaga pega”, oino ji, gu, gu, gu...		A mulher o chama de meu tio velho, meu velho pai, os bororo o chamam de nosso padrinho, de meu padrinho.	
BOR-CORBO-BOE-01-037	1	IMEDU RO AKO BOE	Antônio Kanajó	Sandra Aroe Poiwo	37	37	Boe emagore bogai. Ica, ie nure nowu tubegagoduredu boe egore du tabo. Aredu akore: “Ioga pega, ioga pega, ioga, ioga pega...”, oino. “Iwuripega, iwuripega, iwuripega”, oino.		Os bororo chamam ele quando está velho, de meu velho pai, meu velho pai, meu velho pai... Meu tio velho, meu tio velho, meu tio velho...	
BOR-CORBO-BOE-01-038	1	IMEDU RO AKO BOE	Antônio Kanajó	Sandra Aroe Poiwo	38	38	Imedu pega otowure akoino ji, otowure akore: “Imedupega”, oino ji. Ia boe enodowure ema. Boe egore: “Inodowu pega”, oino. “Inodowu pega”, oino. “Ioga pega”, oino gu, gu, gu... Icare roiwa bokagodure pudabo, Icare rokare nono turore pugeje, Icare ukare karo bito, ukare barogo bito pugeje; icare merukare pugeje, meru jaegirikare pugeje gu, gu, gu...		O seu cunhado o chama de homem velho, ele é cunhado de algumas pessoas, os bororo chamam ele de cunhado velho, meu padrinho velho.	
BOR-CORBO-BOE-01-039	1	IMEDU RO AKO BOE	Antônio Kanajó	Sandra Aroe Poiwo	39	39	Icare uiodore, uiodore goro, goro, guricá, guricá, guricá je.		Então ele está bem velho, usando bastão, andando devagarinho e mancando.	
BOR-CORBO-BOE-01-040	1	IMEDU RO AKO BOE	Antônio Kanajó	Sandra Aroe Poiwo	40	40	Beo egore: “Pao pega aregodu”, oino. Boe egore: “Ioga pega aregodu”, oino. “Ioga pega, amugudo, amugudo, amugudo!”.		Os bororo falam: “O velho chegou”. Os bororo falam para ele: “Meu velho pai chegou. Meu velho pai, sente-se”.	
BOR-CORBO-BOE-01-041	1	IMEDU RO AKO BOE	Antônio Kanajó	Sandra Aroe Poiwo	41	41	Ia boere jetadudo, boe egore: “Ioga pega, ioga pega, ioga pega, aedadudo, akerogu reo, aedadudo awo akerogu ko”.		Alguém o acorda, os bororo falam: “Meu velho pai, meu velho pai acorda. Aqui sua comidinha, acorda para você comer sua comidinha.”	
BOR-CORBO-BOE-01-042	1	IMEDU RO AKO BOE	Antônio Kanajó	Sandra Aroe Poiwo	42	42	Ah! Akore: “Uuum, uuum, uuum... ikerogu, ikerogu...” Ure tugeragu, tugeragu ji tu, ure ko tumugui tu je.		Ele disse: “É meu, é meu”. Ele pegou a sua comidinha, saboreando sentado.	
BOR-CORBO-BOE-01-043	1	IMEDU RO AKO BOE	Antônio Kanajó	Sandra Aroe Poiwo	43	43	ica, nonore icare akedure, pegagodu nure, icare akuru akedure, oinonore icare pao pega, paedaga pega, pamana pegare, pagodowu pegare, pawuri pegare, pawagedu pegare, pagonaregedu pegare, oinore boere, ica.		Então aí que acabou, ele está ficando velho, está quase morrendo, assim, então nosso velho pai, padrinho, nosso irmão mais velho, cunhado, nosso genro, nosso filho é assim que é.	
BOR-CORBO-BOE-02-001	2	AREDU RO AKO BOE	Antônio Kanajó	Teodoro Clementino Marege Eceba	01	01	Oinore boe erore tonaregedu areduroguji:		Assim que se faz com sua filha menina.	
BOR-CORBO-BOE-02-002	2	AREDU RO AKO BOE	Antônio Kanajó	Teodoro Clementino Marege Eceba	02	02	Boe etonaregedu aredu rogu buture. Boe egore: “Butu, aredu, aredurogu, aredu rogure ema”.		Nasceu uma filha menina, a gente está falando: “A mulher nasceu, menina, menina, menina ela é.	
BOR-CORBO-BOE-02-003	2	AREDU RO AKO BOE	Antônio Kanajó	Teodoro Clementino Marege Eceba	03	03	“Uu! Ema rugadu, ema rugadu”.		Ah! Sim ela mesmo, ela mesmo.	
BOR-CORBO-BOE-02-004	2	AREDU RO AKO BOE	Antônio Kanajó	Teodoro Clementino Marege Eceba	04	04	Ica, Icare boere iedo, boe eragodure ie paruji. Ica, boere iedo taci je. Icare boe egore: “Icare ire itonaregedurogu iedo, Icare ire aredurogu iedo, ire aredurogu iedo”.		Aí a gente deu nome a ela, a gente deu nome a ela, depois começa o ritual do nome, daí deram nome prá ela, assim a gente faz.	
BOR-CORBO-BOE-02-005	2	AREDU RO AKO BOE	Antônio Kanajó	Teodoro Clementino Marege Eceba	05	05	Icare ricodugodure gu, gu, gu...		Daí ela foi crescendo pouco por vez.	
BOR-CORBO-BOE-02-006	2	AREDU RO AKO BOE	Antônio Kanajó	Teodoro Clementino Marege Eceba	06	06	Icare makore, batarure, akore: “Imuga”, oino. Akore: “Ioga”, oino .		Daí ela começou a falar e disse: “Minha mãe” assim, ela disse: “Meu pai”, assim.	
BOR-CORBO-BOE-02-007	2	AREDU RO AKO BOE	Antônio Kanajó	Teodoro Clementino Marege Eceba	07	07	Uce akore: “Are, are, are”.		A mãe dela disse: “Minha filhinha, filhinha, filhinha.”	
BOR-CORBO-BOE-02-008	2	AREDU RO AKO BOE	Antônio Kanajó	Teodoro Clementino Marege Eceba	08	08	Akore: “Ah!”, oino. Akore: “Mato, mato, mato”, oino .		Ela respondeu: “O quê?” assim, ela diz: “Venha, venha, venha, venha”, assim.	
BOR-CORBO-BOE-02-009	2	AREDU RO AKO BOE	Antônio Kanajó	Teodoro Clementino Marege Eceba	09	09	Makore bogai, akore: “Are, are, are”.		Ela chama ela diz: “Filhinha, filhinha, filhinha.”	
BOR-CORBO-BOE-02-010	2	AREDU RO AKO BOE	Antônio Kanajó	Teodoro Clementino Marege Eceba	10	10	Akore: “Ah!” Akore: “Mato, mato, mato, mato”. Ah! Aregodure, akore: “Imireu, itaregodu”.		Ela responde: “O quê?” Ela diz: “Venha, venha, venha, venha. Ah! Você chegou!” Ela diz: “Estou aqui, cheguei.”	
BOR-CORBO-BOE-02-011	2	AREDU RO AKO BOE	Antônio Kanajó	Teodoro Clementino Marege Eceba	11	11	“Ah! Mato, mato”.		Ela disse: “Venha, venha.”	
BOR-CORBO-BOE-02-012	2	AREDU RO AKO BOE	Antônio Kanajó	Teodoro Clementino Marege Eceba	12	12	Nowu onaregedu rogu akore: “Itaidure iwo inogwagirido, mokuro boire i, bibi”.		Aquela filhinha dela disse: “Eu quero mamar leite”.	
BOR-CORBO-BOE-02-013	2	AREDU RO AKO BOE	Antônio Kanajó	Teodoro Clementino Marege Eceba	13	13	Boe etore kugure egore: “Bibi”, oino mokuroji, mokuro, tuge mokuroji, tuge mokuroji.		As criancinhas falam: “Bibi, mamar do leite”.	
BOR-CORBO-BOE-02-014	2	AREDU RO AKO BOE	Antônio Kanajó	Teodoro Clementino Marege Eceba	14	14	Ica, Icare merure, rere; boere,  ucere pagududo.		Depois então ela anda e corre, a gente, a mãe dão medo a ela.	
BOR-CORBO-BOE-02-015	2	AREDU RO AKO BOE	Antônio Kanajó	Teodoro Clementino Marege Eceba	15	15	Akore: “Are, atu kaba toro. Are, mato”.		Ela diz: “Filhinha não vai para lá, filhinha vem para cá.”	
BOR-CORBO-BOE-02-016	2	AREDU RO AKO BOE	Antônio Kanajó	Teodoro Clementino Marege Eceba	16	16	Akore: “Are, amugu tugudo; kugu, rie, kodu mato, mugu nono; bari mode awia porodo”.		Ela diz: “Filhinha assenta-se e fica quieta corujão, lobo vem aí, ele está aí, o feiticeiro vai furar a sua orelha.”	
BOR-CORBO-BOE-02-017	2	AREDU RO AKO BOE	Antônio Kanajó	Teodoro Clementino Marege Eceba	17	17	Aredurogu uce akore ji.		A mãe da criancinha fala assim para ela.	
BOR-CORBO-BOE-02-018	2	AREDU RO AKO BOE	Antônio Kanajó	Teodoro Clementino Marege Eceba	18	18	Aredu akore tonaregedu areduroguji.		A mãe fala assim para sua filhinha.	
BOR-CORBO-BOE-02-019	2	AREDU RO AKO BOE	Antônio Kanajó	Teodoro Clementino Marege Eceba	19	19	Ica, Icare ricodure. Boe, egore tonaregedu aredu mokuro aregodu kejeie Icare boe epogurure ce, tonaregedu aredurogu ce.		Daí ela foi crescendo, a gente diz: “Quando cresce o peito da menina, daí a gente começa a ter vergonha dela, da sua filhinha.”	
BOR-CORBO-BOE-02-020	2	AREDU RO AKO BOE	Antônio Kanajó	Teodoro Clementino Marege Eceba	20	20	Ica, Icare mokurore, mokuro aregodure. Ah! Nonore Icare nogwaredurogu nure ema pugeje, nogwaredu nure ema pugeje.		Agora ela tem peito, está começando a crescer o peito, ela chegou na idade de mocinha, ela chegou na idade de mocinha.	
BOR-CORBO-BOE-02-021	2	AREDU RO AKO BOE	Antônio Kanajó	Teodoro Clementino Marege Eceba	21	21	Boe egore: “Nogwaredu”, oino ji.		A gente diz: “Mocinha”, assim, prá ela.	
BOR-CORBO-BOE-02-022	2	AREDU RO AKO BOE	Antônio Kanajó	Teodoro Clementino Marege Eceba	22	22	Ica, nonore Icare ure... ure kodokora rogu to. Ucere roiwado, ucere jorduiwado.		Sim, agora ela faz esteira, a mãe ensina e orienta ela, ensina ela.	
BOR-CORBO-BOE-02-023	2	AREDU RO AKO BOE	Antônio Kanajó	Teodoro Clementino Marege Eceba	23	23	Ure tugeragu kodoroji, noido oroji, apido oroji, kuo oroji, marido oroji. Uwo turokagado ji.		Ela apanha broto de palmeira, o broto do babaçu, o broto do acuri, broto de painha do campo, broto de buriti para experimentar a tecer.	
BOR-CORBO-BOE-02-024	2	AREDU RO AKO BOE	Antônio Kanajó	Teodoro Clementino Marege Eceba	24	24	Icare ure parikiboto rogu to, ure kodorabo rogu to gu, gu, gu...		Agora ela faz baniquinho, cestinho, pouco por vez.	
BOR-CORBO-BOE-02-025	2	AREDU RO AKO BOE	Antônio Kanajó	Teodoro Clementino Marege Eceba	25	25	Icare roiwagodure, Icare ure kodo to, Icare kodorabo to, Icare baku to.		Aí ela começa a se desenvolver, faz cesto, faz cestinho e bandeja.	
BOR-CORBO-BOE-02-026	2	AREDU RO AKO BOE	Antônio Kanajó	Teodoro Clementino Marege Eceba	26	26	Icare orewudure, Icare orewudure, Icare orewudure ema.		Aí ela começa a ter menstruação, começa a ter menstruação mensal.	
BOR-CORBO-BOE-02-027	2	AREDU RO AKO BOE	Antônio Kanajó	Teodoro Clementino Marege Eceba	27	27	Koare orewudure.		Por isso ela teve menstruação.	
BOR-CORBO-BOE-02-028	2	AREDU RO AKO BOE	Antônio Kanajó	Teodoro Clementino Marege Eceba	28	28	Nonore Icare okogere. Boe egore: “Pawo akogedo, pawo amagu jewu pawagedu ai, pagonaregedu ai.		Aí ela se casa, agente diz: “Vamos fazer ela casar, vamos dar você para aquele rapaz, para ser o nosso genro, para nosso filho.”	
BOR-CORBO-BOE-02-029	2	AREDU RO AKO BOE	Antônio Kanajó	Teodoro Clementino Marege Eceba	29	29	A! Boere makai, boere okogedo.		Aí a gente dá para ela, aí a gente casa ela.	
BOR-CORBO-BOE-02-030	2	AREDU RO AKO BOE	Antônio Kanajó	Teodoro Clementino Marege Eceba	30	30	Ica, boere omeado, boere, ucere omeado, omea bu baku keje,		Aí a gente faz ela oferecer comida, a gente e a mãe dão certos alimentos, põe os alimentos na bandeja.	
BOR-CORBO-BOE-02-031	2	AREDU RO AKO BOE	Antônio Kanajó	Teodoro Clementino Marege Eceba	31	31	Apeo kodu, noo kodu, akó kodu, kuo kodu, apea, noa, motore, ure bu baku keje.		Polpas de castanhas, castanha de acuri, polpa de castanha de babaçu, polpa de castanha de macaúba, castanha de palmeirinha do campo, castanha de acuri e qualquer tipo de castanha, miolo do broto de macaúba ela põe na bandeja.	
BOR-CORBO-BOE-02-032	2	AREDU RO AKO BOE	Antônio Kanajó	Teodoro Clementino Marege Eceba	32	32	Kurodureboe, ari, boko, bato, eko, mano, akogo, jatugu, Ica aredu omeareno, nogwaredu omeareno, toredu ai, toredu bogai.		Frutos maduros, marmelada crespa, fruta de veado, mangaba, pequi, coco de buriti, tarumã do mato, cajuzinho do mato, estes alimentos são os que as mulheres oferecem, estes são os que as recém-casadas oferecem para seus maridos, para os maridos delas.	
BOR-CORBO-BOE-02-033	2	AREDU RO AKO BOE	Antônio Kanajó	Teodoro Clementino Marege Eceba	33	33	Icare aredure ema rugadu, Icare orere, onaregedure, orere pobe, pobe ma metia bokware, orere pobe puibiji, ia onaregedure mito tu je, orere pobe tu je nono. Icare boe etujere ema pugeje.		Aí ela se torna mulher de verdade, aí ela dá filhos, ela tem dois filhos, três e quatro filhos. Tem delas que só têm um filho, outras têm dois filhos. Aí ela se torna a mãe da gente.	
BOR-CORBO-BOE-02-034	2	AREDU RO AKO BOE	Antônio Kanajó	Teodoro Clementino Marege Eceba	34	34	Boe egore: “Imuga”, oino ji. Icare iwororaere. Icare maragodure, Icare boe etujere ema.		Aí a gente fala: “Minha mãe”, para ela, aí ela trabalha para oferecer comida para as almas, aí ela trabalha, aí então ela se torna a mãe da gente.	
BOR-CORBO-BOE-02-035	2	AREDU RO AKO BOE	Antônio Kanajó	Teodoro Clementino Marege Eceba	35	35	Koare boe egore: “Imuga”, oino. Boe egore: “Paje”, oino. Boe egore: “Imuga”, oino. Boe egore: “Paje”. Oino, boe egore.		Por isso a gente fala: “A minha mãe”, assim, a gente fala: “Nossa mãe”, assim, então a gente fala: “Minha mãe”, assim, a gente fala: “Nossa mãe”, assim.	
BOR-CORBO-BOE-02-036	2	AREDU RO AKO BOE	Antônio Kanajó	Teodoro Clementino Marege Eceba	36	36	Ah! Oino, boe egore ji. Ica, boe etuje nure ema pugeje. Boe egore: “Imuga pega”, oino.		A gente fala: “Minha mãe”, assim, ela responde: “O quê”, assim, a gente fala: “Corre prá cá assim”, a gente fala prá ela, daí a gente fala: “Minha mãe” assim prá ela, a gente fala: “Minha avó”, assim.	
BOR-CORBO-BOE-02-037	2	AREDU RO AKO BOE	Antônio Kanajó	Teodoro Clementino Marege Eceba	37	37	Icare, pegagodure.		Aí ela começa a ficar velha.	
BOR-CORBO-BOE-02-038	2	AREDU RO AKO BOE	Antônio Kanajó	Teodoro Clementino Marege Eceba	38	38	Icare egore: “Imuga pega”, oino ji. Boe egore: “Ituie pega”, oino ji. Boe egore: “Paje pega”, oino ji. Boe egore: “Pajarugo pega”, oino j. Boe egore: “Parago pega”, oino ji. “Ituie pega”, oino. Boe egore ji: “Aredu pega”, oino.		Agora a gente fala: “Minha velha mãe”, assim, prá ela, aí a gente fala: “Nossa mãe velha” assim prá ela, a gente fala: “Nossa tia velha” assim prá ela, a gente fala: “Nossa sogra velha” assim prá ela, a gente fala: “Nossa nora velha”, assim, prá ela.	
BOR-CORBO-BOE-02-039	2	AREDU RO AKO BOE	Antônio Kanajó	Teodoro Clementino Marege Eceba	39	39			A sogra dela fala: “Minha nora velha” assim prá ela, “Minha nora” assim, “Minha sogra velha” assim, “Minha tia velha” velha, a gente fala: “Mulher velha” assim.	Lacuna documental: a tradução portuguesa possui o item 39, mas não há item 39 correspondente no texto Bororo impresso; a numeração Bororo passa de 38 para 40.
BOR-CORBO-BOE-02-040	2	AREDU RO AKO BOE	Antônio Kanajó	Teodoro Clementino Marege Eceba	40	40	Icare pegagodure remawu, Icare roiwa bokagodure pudabo. Icare merukare pugeje, Icare ukare jerigi kado pugeje, ukare jerigi arego pugeje. ICá, Icare uiodore goro, goro, goro.		Aí ela começa a ficar velha duma vez, aí ela começa ficar sem agilidade, aí ela não anda mais, aí ela não corta mais lenha, não traz mais lenha, aí ela tem um bastão e anda devagarinho.	
BOR-CORBO-BOE-02-041	2	AREDU RO AKO BOE	Antônio Kanajó	Teodoro Clementino Marege Eceba	41	41	Icare ia onaregedure, ia uragore, iedure ieraji pugeje goro, goro, goro. Ica, Icare merukare. “Woo, Icare akuru akedure”. Boe egore, “Paje pega kugudugodu nure”, oino. Boe egore: “Paje pega akuru akedu nure”, oino. “Pajepega bigodu nure”, oino.		Aí ela tem um filho ou uma filha segurando na mão dela e andando devagar, aí ela não anda duma vez, aí ela não caminha mais longe, a gente fala: “A nossa mãe está enfraquecida assim, a nossa mãe está enfraquecida, assim, a nossa velha mãe está morrendo.”	
BOR-CORBO-BOE-02-042	2	AREDU RO AKO BOE	Antônio Kanajó	Teodoro Clementino Marege Eceba	42	42	Jorduwarewudo akore: “Iwigodu nure, oino, iwogagodu nure, iwoga nure tabiji, iwoga nure apiji”. Oino tonaregeduji, oino torei.		Aquela que sabe diz que: “Estou morrendo aos poucos”, assim, morrendo, está se acabando, “Estou acabando para vocês, assim, estou morrendo de vocês”, assim, ela fala, assim, que está morrendo, assim, para o filho e para os filhos.	
BOR-CORBO-BOE-02-043	2	AREDU RO AKO BOE	Antônio Kanajó	Teodoro Clementino Marege Eceba	43	43	Oinore boe egore tubegagodu tabo, tubegagodu keje, tuwigodu keje, taguru akedu keje, Ica.		Assim que a gente fala quando está velho, quando está velho, quando está morrendo, quando está se acabando.	
BOR-CORBO-BOE-03-001	3	INOBA BOE ENOGITUWARE BOE ETORE EI EKODU PEMEGAWO	Antônio Kanajó	Gerson Mário Enogureu	01	01	Boe egore: “Imedu”, oino. “Imedu, arduwado, aroiwado, akagoiwado”.		A gente fala: “Meu filho”, assim, “Meu filho saiba fazer as coisas, saiba falar.”	
BOR-CORBO-BOE-03-002	3	INOBA BOE ENOGITUWARE BOE ETORE EI EKODU PEMEGAWO	Antônio Kanajó	Gerson Mário Enogureu	02	02	Oinore boe egore, oinore boe egore:		Assim que a gente fala, assim que a gente fala.	
BOR-CORBO-BOE-03-003	3	INOBA BOE ENOGITUWARE BOE ETORE EI EKODU PEMEGAWO	Antônio Kanajó	Gerson Mário Enogureu	03	03	“Amago pemegado, amago jetorodo, boe emearutoruwo ai, boe ataiduwo ai, boe emoduduwo ai.		“Converse bem, fale direito, para a gente ter crédito em você, para as pessoas gostarem de você, para as pessoas terem confiança em você.	
BOR-CORBO-BOE-03-004	3	INOBA BOE ENOGITUWARE BOE ETORE EI EKODU PEMEGAWO	Antônio Kanajó	Gerson Mário Enogureu	04	04	Awadararodu kaba, awadaru okwarigudu kaba, akiwogu kaba, akarodu kaba, akogwarigudu kaba.		Não  minta, não fale mentira, não roube, não fuxique, não comente coisas ruins.	
BOR-CORBO-BOE-03-005	3	INOBA BOE ENOGITUWARE BOE ETORE EI EKODU PEMEGAWO	Antônio Kanajó	Gerson Mário Enogureu	05	05	Boe ekodu kagirimode ai, boe epegamode ai.		As pessoas vão ficar com raiva de você, as pessoas vão ficar ruins com você.	
BOR-CORBO-BOE-03-006	3	INOBA BOE ENOGITUWARE BOE ETORE EI EKODU PEMEGAWO	Antônio Kanajó	Gerson Mário Enogureu	06	06	Mare amago pemegamode, awadaru pemegamode, aro pemegamode dukeje, boe epemegamode ai.		Mas fale bem, fale direito, se você falar bem as pessoas vão falar bem de você.	
BOR-CORBO-BOE-03-007	3	INOBA BOE ENOGITUWARE BOE ETORE EI EKODU PEMEGAWO	Antônio Kanajó	Gerson Mário Enogureu	07	07	Dukeje boe emearutorumode ai, dukeje boe emago pemegamode ai.		Aí a gente vão acreditar em você, aí as pessoas vão falar bem de você.	
BOR-CORBO-BOE-03-008	3	INOBA BOE ENOGITUWARE BOE ETORE EI EKODU PEMEGAWO	Antônio Kanajó	Gerson Mário Enogureu	08	08	Boe egomode: “Ah! jewure pemegare, jewure ro pemegare, jewure bataru pemegare, nowu ure boe ekuno, ure boe enogwagedo.		As pessoas vão falar: ‘Aquele que é bom, esse que faz direito, aquele que fala direito, esse que dá as coisas, dá de comer às pessoas.	
BOR-CORBO-BOE-03-009	3	INOBA BOE ENOGITUWARE BOE ETORE EI EKODU PEMEGAWO	Antônio Kanajó	Gerson Mário Enogureu	09	09	Ure ia toro ia toro, ia tuge ure maku boe etai, ure boe ekuno”.		Ele contribui com o seu trabalho, dá um objeto seu,  ele dá o seu alimento para as pessoas, ele dá as suas coisas.’	
BOR-CORBO-BOE-03-010	3	INOBA BOE ENOGITUWARE BOE ETORE EI EKODU PEMEGAWO	Antônio Kanajó	Gerson Mário Enogureu	10	10	Oinore boe egore.		Assim que a gente fala.	
BOR-CORBO-BOE-03-011	3	INOBA BOE ENOGITUWARE BOE ETORE EI EKODU PEMEGAWO	Antônio Kanajó	Gerson Mário Enogureu	11	11	Boe egowo oino ai, boe etaiduwo ai rugadu, boe emearutoruwo ai rugadu.		Para as pessoas falarem assim com você, para as pessoas gostarem de você mesmo, para as pessoas terem fé em você.	
BOR-CORBO-BOE-03-012	3	INOBA BOE ENOGITUWARE BOE ETORE EI EKODU PEMEGAWO	Antônio Kanajó	Gerson Mário Enogureu	12	12	Boe egomode:		As pessoas vão falar:	
BOR-CORBO-BOE-03-013	3	INOBA BOE ENOGITUWARE BOE ETORE EI EKODU PEMEGAWO	Antônio Kanajó	Gerson Mário Enogureu	13	13	“Ah!! Awu pemegare rugadu, awu jorduware rugadu, awu okudure boe ebo rugadu.		‘Ah! Esse que é bom mesmo, esse que sabe mesmo, esse que tem dor da gente mesmo!	
BOR-CORBO-BOE-03-014	3	INOBA BOE ENOGITUWARE BOE ETORE EI EKODU PEMEGAWO	Antônio Kanajó	Gerson Mário Enogureu	14	14	Uh! Pagimejera mode ema, pagimejerawo ema, pagimejera nure ema.		Ele vai se nosso chefe, tem que ser nosso chefe, ele é nosso chefe.’	
BOR-CORBO-BOE-03-015	3	INOBA BOE ENOGITUWARE BOE ETORE EI EKODU PEMEGAWO	Antônio Kanajó	Gerson Mário Enogureu	15	15	Akore oino, rore oino, pemegare, pemegare.		Assim que se faz, assim que é bom.	
BOR-CORBO-BOE-03-016	3	INOBA BOE ENOGITUWARE BOE ETORE EI EKODU PEMEGAWO	Antônio Kanajó	Gerson Mário Enogureu	16	16	Oinore boe egomode ai, ainowo boe egore ai.		Assim que a gente vai falar de você, para assim  as pessoas falarem de você.	
BOR-CORBO-BOE-03-017	3	INOBA BOE ENOGITUWARE BOE ETORE EI EKODU PEMEGAWO	Antônio Kanajó	Gerson Mário Enogureu	17	17	Kodire apemegado, aedorodo, ameartorudo iwadaruji, ameartorudo imagore jiboeji. Arduwo imagore jiboeji, akaregodumode imagore jiboe kae. Dukeje arduwamode.		Por isso seja bom, direito na sua vida, acredite em minhas palavras, acredite em que eu sempre falo, para você ver o que sempre falo, você vai chegar no que eu falo, aí depois você vai ver.	
BOR-CORBO-BOE-03-018	3	INOBA BOE ENOGITUWARE BOE ETORE EI EKODU PEMEGAWO	Antônio Kanajó	Gerson Mário Enogureu	18	18	Awuia, ameartoru modukare imagore jiboeji, ameartoru modukare ia iwadaruji, Icarema ardumode ji, akaregodumode kae.		Assim, você não acredita em mim, você não acredita em uma das minhas palavras, e assim você vai ver, você vai chegar lá.	
BOR-CORBO-BOE-03-019	3	INOBA BOE ENOGITUWARE BOE ETORE EI EKODU PEMEGAWO	Antônio Kanajó	Gerson Mário Enogureu	19	19	Akagomode:		Você vai falar:	
BOR-CORBO-BOE-03-020	3	INOBA BOE ENOGITUWARE BOE ETORE EI EKODU PEMEGAWO	Antônio Kanajó	Gerson Mário Enogureu	20	20	“Ah! Cee!, boe jokoduji rabodu ioga akoino! Boe jokoduji rabodu akoino, boe jokoduji rabodu inodowu akoino”.		‘É verdade que meu pai estava falando! É verdade que ele estava falando! É verdade o que meu cunhado estava falando.’	
BOR-CORBO-BOE-03-021	3	INOBA BOE ENOGITUWARE BOE ETORE EI EKODU PEMEGAWO	Antônio Kanajó	Gerson Mário Enogureu	21	21	Oino akagomode.		Assim que você vai falar.	
BOR-CORBO-BOE-03-022	3	INOBA BOE ENOGITUWARE BOE ETORE EI EKODU PEMEGAWO	Antônio Kanajó	Gerson Mário Enogureu	22	22	Du kodire ardiwawo rugadu, apemegawo rugadu, imeduwo aki rugadu akoreduje pemegawo, akonaregedu pemegawo rugadu, aro pemegawo, aedori kaba.		Por isso que você tem que saber mesmo, para você ficar bom mesmo, para você ser homem mesmo, para a sua mulher ficar boa com você, para seu filho ser bom mesmo, para fazer coisas boas, não seja mesquinho..	
BOR-CORBO-BOE-03-023	3	INOBA BOE ENOGITUWARE BOE ETORE EI EKODU PEMEGAWO	Antônio Kanajó	Gerson Mário Enogureu	23	23	Oinore boe egore.		Assim que a gente fala.	
BOR-CORBO-BOE-03-024	3	INOBA BOE ENOGITUWARE BOE ETORE EI EKODU PEMEGAWO	Antônio Kanajó	Gerson Mário Enogureu	24	24	Oino ure, ure tonaregedu jorduwadowu, ure tonaregedu jorduwado, ure tonaregedu akoiwadowu, ure tonaregedu jorduwado.		Assim que é, assim que ensina o filho, ensina seu filho, ensina seu filho falar, que ensina o seu filho.	
BOR-CORBO-BOE-03-025	3	INOBA BOE ENOGITUWARE BOE ETORE EI EKODU PEMEGAWO	Antônio Kanajó	Gerson Mário Enogureu	25	25	Dure jorduware, mare ukare oinowu rema, jorduwakare, ukare ainowu rema akoiwa kare, du boe egore:		Por isso que é sábio, mas aquele que não faz assim não sabe, se não é assim, não sabe falar nada, é assim que a gente vai falar.	
BOR-CORBO-BOE-03-026	3	INOBA BOE ENOGITUWARE BOE ETORE EI EKODU PEMEGAWO	Antônio Kanajó	Gerson Mário Enogureu	26	26	“Oh! Kocare arduwa bokware. Kocare ao makokare ai, Icare ace mako kare ai, aokare arduwado, acekare arduwado”, oinore boe egore.		Ah! Como que você não sabe. Por que seu pai não falou nada com você e a sua mãe não fala com você, seu pai não te ensina, sua mãe não te ensina.	
BOR-CORBO-BOE-03-027	3	INOBA BOE ENOGITUWARE BOE ETORE EI EKODU PEMEGAWO	Antônio Kanajó	Gerson Mário Enogureu	27	27	Oinore jawuge egore tore ei.		Assim que a gente fala, assim que os pais falavam com os seus filhos.	
BOR-CORBO-BOE-03-028	3	INOBA BOE ENOGITUWARE BOE ETORE EI EKODU PEMEGAWO	Antônio Kanajó	Gerson Mário Enogureu	28	28	Awu jeture oino maigoduwuge rema, egokare oino, egokare oino tore ei; kodire etore epagudukare, etore emearutorukare, etore erduwakare, kabobá jibá boe epagudure, kabobá ji ba boe emeartorure. Oino.		Esses de agora não falam assim, eles não falam assim com seus filhos, por isso é que os seus filhos não têm medo. Os filhos não obedecem, os filhos não aprendem do que a gente tem medo, nem do que a gente acredita.	
BOR-CORBO-BOE-03-029	3	INOBA BOE ENOGITUWARE BOE ETORE EI EKODU PEMEGAWO	Antônio Kanajó	Gerson Mário Enogureu	29	29	Egokare.		Não falam:	
BOR-CORBO-BOE-03-030	3	INOBA BOE ENOGITUWARE BOE ETORE EI EKODU PEMEGAWO	Antônio Kanajó	Gerson Mário Enogureu	30	30	“Aredu, imedu, arokaba oino, akago kaba oino atu kaba toro, mato, akirimi, arokaba oino”, oino. Kodire erugodu kigodure.		“Ó meu filho, minha filha, não faça isso, não fale assim, não vá para lá. Prá cá, volta. Não faça assim.” Por isso que eles brigam.	
BOR-CORBO-BOE-03-031	3	INOBA BOE ENOGITUWARE BOE ETORE EI EKODU PEMEGAWO	Antônio Kanajó	Gerson Mário Enogureu	31	31	Boe rema boe erokare oino jokodu, oino rema,		A gente não faz isso duma vez, assim mesmo.	
BOR-CORBO-BOE-03-032	3	INOBA BOE ENOGITUWARE BOE ETORE EI EKODU PEMEGAWO	Antônio Kanajó	Gerson Mário Enogureu	32	32	Mare braewo emage, erduwawo brae emearudae reore rugadu.		Mas branco, os brancos prá saber, eles escutam o branco mesmo.	
BOR-CORBO-BOE-03-033	3	INOBA BOE ENOGITUWARE BOE ETORE EI EKODU PEMEGAWO	Antônio Kanajó	Gerson Mário Enogureu	33	33	Mare ukare oino, erduwakare boe ero bogai, erduwakare brae ero bogai jamedu.		Mas não é assim, eles não sabem, eles não sabem as coisas dos brancos também.	
BOR-CORBO-BOE-03-034	3	INOBA BOE ENOGITUWARE BOE ETORE EI EKODU PEMEGAWO	Antônio Kanajó	Gerson Mário Enogureu	34	34	Woe emadadu paga nure oino tu, etore erore, etore emagore, enogwarire, erokowodure, mare egokare: “Aro kaba oino”, oino.		Aqui eles são bobos, assim, os filhos fazem, os filhos falam e gritam, eles brincam, mas eles não falam: “Não façam assim”.	
BOR-CORBO-BOE-03-035	3	INOBA BOE ENOGITUWARE BOE ETORE EI EKODU PEMEGAWO	Antônio Kanajó	Gerson Mário Enogureu	35	35	Egokare: “Mato”, oino. Egokare: “Atu kaba toro”, oino. Egokare: “Ioi”, oino, torei. Eerduwa tabo karega eedure oino.		Não falam: “Vem” assim, não falam: “Não vá para lá”.	
BOR-CORBO-BOE-03-036	3	INOBA BOE ENOGITUWARE BOE ETORE EI EKODU PEMEGAWO	Antônio Kanajó	Gerson Mário Enogureu	36	36	Oino awu maiwuge, awu jeture oinowuge. Toro, mariguduwuge rema ekare oino.		Assim esses de agora, esses de agora, aqueles dos tempos antigos não eram assim.	
BOR-CORBO-BOE-03-037	3	INOBA BOE ENOGITUWARE BOE ETORE EI EKODU PEMEGAWO	Antônio Kanajó	Gerson Mário Enogureu	37	37	Kodire boe etore emearutorure, boe etore epagudure. Boe etore epagudure imeduce, areduce		Por isso que as crianças obedeciam, as crianças tinham medo, as crianças tinham medo dos homens e das mulheres.	
BOR-CORBO-BOE-03-038	3	INOBA BOE ENOGITUWARE BOE ETORE EI EKODU PEMEGAWO	Antônio Kanajó	Gerson Mário Enogureu	38	38	Du oinodu karega, ure oino awu jeture oinowugece awuge epagudukare rugadu, emearutorukare rugadu. Etuwobe emagokare ei, kode etuwobe eerduwa bokwanure jamedu kodi.		Por isso que não é desse jeito, como estão as coisas agora. Agora eles não têm medo mesmo, não acreditam mesmo, os parentes deles não falam nada com eles, porque os parentes deles também não sabem nada.	
BOR-CORBO-BOE-04-001	4	AREDU RO AKO BOE	Maria Aroe Toro	Maria Trindade Tuboregiri	01	01	Boe etore kugure ewodure nono, boe ekedure ei jii je, boe ere nugiado, kodobie tabo.		Quando as crianças nascem a gente segura até pôr na embira.	
BOR-CORBO-BOE-04-002	4	AREDU RO AKO BOE	Maria Aroe Toro	Maria Trindade Tuboregiri	02	02	Boe erore ebo, boe egore ebo, boere etaimo, ekududo enogwagedo.		Com a embira que trabalha dorme, come, banha.	
BOR-CORBO-BOE-04-003	4	AREDU RO AKO BOE	Maria Aroe Toro	Maria Trindade Tuboregiri	03	03	Boere ekujagudo, eejiwudo, kidoguru rogu tabo.		A gente avermelha o corpo e pinta o rosto com resina.	
BOR-CORBO-BOE-04-004	4	AREDU RO AKO BOE	Maria Aroe Toro	Maria Trindade Tuboregiri	04	04	Icare erijodure guu, Icare emerure Icare ewoadure. Ewoadure jii boko tudu roguji, rie tudu roguji, ia boeji, ari tudu rogujii, dukeje eregodure kodorogu kae pugeje.		Então quando começam a crescer eles andam, passeiam, brincam com marmelada, com fruto de lobo e alguma coisa com fruto de marmelada crespo, depois eles vão buscar broto de palmeiras.	
BOR-CORBO-BOE-04-005	4	AREDU RO AKO BOE	Maria Aroe Toro	Maria Trindade Tuboregiri	05	05	Pajemage ere parikiboto rogu, ere kodokora rogu towuje, ere kodorabo pitori rogu to.		Nossas mães fizeram abanadorzinho e esteira grossa e cesto pequeno.	
BOR-CORBO-BOE-04-006	4	AREDU RO AKO BOE	Maria Aroe Toro	Maria Trindade Tuboregiri	06	06	Jii Icare erijodure, care ere tugeragu jerigiji pugeje.		Até eles crescerem, depois eles pegam lenha outra vez.	
BOR-CORBO-BOE-04-007	4	AREDU RO AKO BOE	Maria Aroe Toro	Maria Trindade Tuboregiri	08	08	Eemarure tu meiaoe ewogai, ere etawuje, ere mugudo nono. Dure boe awadugodu tabo, bubuture toro boei boe toda, woo! Icare joru biture, jewu meiaoborireuji, mare boere tawuje rugadu, boere arego rugadu.		Procuram somente o mel. Eles tiraram e colocaram aí. Quando foi clareando choveu neles no mato. Então daí fogo apagou do mel de chupé. Assim mesmo tiraram e troxeram  mesmo: “Eis aqui, minha avó. Este aqui é da senhora”.	
BOR-CORBO-BOE-04-008	4	AREDU RO AKO BOE	Maria Aroe Toro	Maria Trindade Tuboregiri	09	09	“a muga pega, akerogu reo, akerogu reo”. Icare ure oino rugadu. Dukeje ere kodo towuje: “Akado, jewu inodu, jewu inodu towuje, kodokora towuje akoredu kudawuce, uce kudawuce; ure beto to, ure micigu towuje”. Boe egore: “Oino irore, oinore inagore. Micigu rogure ire to, kodorabo rogure ire to, baku rogure ire to, parikiboto rogure ire to”. Boe egore cewu pitori roguji, du iera kodure ji rugadu, turijodu tabo jii je.		Então assim ficou, depois eles fizeram o banquete. Olha como é feito aquele. Faz esteira grossa para o marido dela, para a mãe dele, fez esteira. Ela fez embornal. Ela fez o cestinho. A gente diz: “Assim que eu faço, assim que eu falo. Eu iz um embornalzinho, eu fiz uma esteirinha, eu fiz uma bandejinha, eu fiz um abanadorzinho”. A gente diz para a pequena, aí ela faz mesmo enquanto vai crescendo.	
BOR-CORBO-BOE-04-009	4	AREDU RO AKO BOE	Maria Aroe Toro	Maria Trindade Tuboregiri	10	10	Noidoiare cere kado cegeje, motorere cere kado cegeje, nowu motore kugu rogure cere ko, jewu no kodu kugu rogu cenogwagere ji jamedu.		Nós cortamos palmito de babaçu, nós cortamos macaúba para o nosso alimento. Mistura do miolo da macaúba para fazer mingau, nós comemos também a polpa de coco de babaçu..	
BOR-CORBO-BOE-04-010	4	AREDU RO AKO BOE	Maria Aroe Toro	Maria Trindade Tuboregiri	11	11	ere amudo tu tu tu tu, cenogwagere ji. Ca.		Nós socamos a polpa e comemos dele.	
BOR-CORBO-BOE-04-011	4	AREDU RO AKO BOE	Maria Aroe Toro	Maria Trindade Tuboregiri	12	12	Ica. Icare erijodure. Awu boe etore kugure erijodure gu, gu, gu...		Daí eles crescem, as crianças vam crescendo pouco por vez.	
BOR-CORBO-BOE-04-012	4	AREDU RO AKO BOE	Maria Aroe Toro	Maria Trindade Tuboregiri	13	13	Icare ere tugogedo: “Akado, pawo maku je,cewu iwagududogeto. Pawo maku je,cewu apiboregeto rakudu, aroroeto rakudu. Uuu. Cewu iwagududogeto rugadu.		Depois elas se casam: “Olhem para qual clã que vamos entregar, se é iwagududoge ou se é para o clã dos apiborege, ou então para clã dos arore. É para clã dos iwagududoge mesmo.” (Quem fala é kiedu).	
BOR-CORBO-BOE-04-013	4	AREDU RO AKO BOE	Maria Aroe Toro	Maria Trindade Tuboregiri	14	14	Ica, ukogere rugadu.		Daí está casado mesmo.	
BOR-CORBO-BOE-04-014	4	AREDU RO AKO BOE	Maria Aroe Toro	Maria Trindade Tuboregiri	15	15	Icare oredure karo bito, barogo bito.		Depois o marido mata peixe, mata bicho.	
BOR-CORBO-BOE-04-015	4	AREDU RO AKO BOE	Maria Aroe Toro	Maria Trindade Tuboregiri	16	16	Ure pemegado: “Muga akerogu reo, iwuri akerogu reo, iedaga pega akerogu reo, muga pega akerogu reo, marugo pega ake rogu reo. Kado pui”.		Ela prepara. “Minha mãe, esta é a sua comida ; meu irmão, esta é a sua comida; meu avô, esta é a sua comida; minha avó, esta é a sua comida, minha sogra esta é a sua comida. Repartam entre vocês”.	
BOR-CORBO-BOE-04-016	4	AREDU RO AKO BOE	Maria Aroe Toro	Maria Trindade Tuboregiri	17	17	Uh! Oinore boe erore. Aredurogu jire inagore oino, boe ere ukogedo, maku toro, iwagududogeto rabodu jice, apiboregeto rabodu. Woje aroroeto rabodu.		Assim que a gente diz para a menina. A gente manda ela casar no clã Iwagudu ou no clã dos Apiborege, ou Aroroe. Então ela se casa.	
BOR-CORBO-BOE-04-017	4	AREDU RO AKO BOE	Maria Aroe Toro	Maria Trindade Tuboregiri	18	18	Okogere, oredure karo bito, ure barogo bito, kudobu bito, apu bito.		O marido mata peixe, mata bicho, quati, paca.	
BOR-CORBO-BOE-04-018	4	AREDU RO AKO BOE	Maria Aroe Toro	Maria Trindade Tuboregiri	19	19	Boe etugogere boe eejore tu wu tugoge keje. Boe etaiwokare ia bogai pugeje. Nowu boe toredu jire boe etaiwore tu je. Boe egore: “Oinore boe egore cewu tonaregedu nogwaredu roguji”. Du pemegare rugadu. Ricodure nuwu tuinodu tabo rugadu. Oinore boere.		Quando a gente tem marido, só pensa nele. Não procura outro, além dele. Presta cuidados somente a ele. A gente diz: “É isso que a agente fala para a sua filha”. É assim que está bom. E ela cresce com isso. Assim é o costume da gente.	
BOR-CORBO-BOE-04-019	4	AREDU RO AKO BOE	Maria Aroe Toro	Maria Trindade Tuboregiri	20	20	Paje pega magere kodobie ta, ere noidoia ta, ere meiaoborireu ta. Ere boe kugudo ema, ere tugeragu jerigiga, apeoroguji. Ere apeo kugu to .		As nossas mães tiram embira, elas preparam palmito, elas preparam mel de chupé, elas preparam mingau, elas pegam lenha, coco de acuri, fazem mingau com o coco do acuri.	
BOR-CORBO-BOE-04-020	4	AREDU RO AKO BOE	Maria Aroe Toro	Maria Trindade Tuboregiri	21	21	Icare ere maku toro baito. Nowu kae apeo kugu buture, no kugu buture, noidoia kuru buture toro baito.		Eles mandam lá paro o baito. E lá que vai a polpa coco de acuri, de babaçu, a sopa de palmito.	
BOR-CORBO-BOE-04-021	4	AREDU RO AKO BOE	Maria Aroe Toro	Maria Trindade Tuboregiri	22	22	Boe eerdure jiboe jamedu rogu boe, boere maku toro baito. Oino pugeje ere oino kimo...		Tudo o que se encontra é mandado para o centro comunitário, e ainda é assim.	
BOR-CORBO-BOE-05-001	5	BOE AREDU OKITUWAI TONAREGEDU JITU	Maria Aroe Toro	Maria Trindade Tuboregiri	01	01	Imuga makore ii ipemegawo, ioruduiwawo, ioruduiwawo oino boe eedaji, boe emugaji, boe enogwagere jiboeji, ikodure ji rugadu, ikodure ji, ire noidoia ko, ire noidoia ta, ire butudo baito. Ire motore ta, kuru buture baito.		Minha mãe me aconselhou assim, para ser boa e para mim aprender as coisas, para mim saber o lugar certo das pessoas, o lugar que devem ocupar, o que os bororos comem, e eu segui a risca  isso. Eu comia palmito, eu tirava palmito, mandava palmito para o para a  casa das almas. Eu tirava o miolo do talo de mavaúba refresco dele para a casa das almas.	
BOR-CORBO-BOE-05-002	5	BOE AREDU OKITUWAI TONAREGEDU JITU	Maria Aroe Toro	Maria Trindade Tuboregiri	02	02	Muga makore ii kodi, mugare ioruduiwado irowo oino kodi.		Porque minha mãe me ordenava assim, porque minha mãe me ensinava a fazer assim.	
BOR-CORBO-BOE-05-003	5	BOE AREDU OKITUWAI TONAREGEDU JITU	Maria Aroe Toro	Maria Trindade Tuboregiri	03	03	Jewu tadari rogu, jewu moto tadaboe jamedu boe ire maku toro baito.		Batata, cará, tudo que é debaixo da terra eu mandava para o baito.	
BOR-CORBO-BOE-05-004	5	BOE AREDU OKITUWAI TONAREGEDU JITU	Maria Aroe Toro	Maria Trindade Tuboregiri	04	04	Boe etuje akore: “Amugu tugudo, akaba ae bu kuri kuri kuri boe awadu kae.		A mãe da gente dizia: “Fique quieta, não saia toda hora fora de casa.	
BOR-CORBO-BOE-05-005	5	BOE AREDU OKITUWAI TONAREGEDU JITU	Maria Aroe Toro	Maria Trindade Tuboregiri	05	05	Akaiwodo oino kuri je atui bakuje biji du kae; akaiwodo kuri awureji jice ba aiado.		Olhe perto, ao seu redor quando sair para fora, olhe para seus pés até chegar ao centro da casa.	
BOR-CORBO-BOE-05-006	5	BOE AREDU OKITUWAI TONAREGEDU JITU	Maria Aroe Toro	Maria Trindade Tuboregiri	06	06	Ameduia kigodu kaba amedagewu emode akaora pegado”. Oino boe etuje akore boei.		Não acompanhe as suas companheiras, que elas vão desviar a sua cabeça”. Assim que a mãe da gente fala para agente.	
BOR-CORBO-BOE-05-007	5	BOE AREDU OKITUWAI TONAREGEDU JITU	Maria Aroe Toro	Maria Trindade Tuboregiri	07	07	Imuga kaie unure pá oino ieji, ierare pá oino ieji itaora pega kawo, iedorowo rugadu du bogaire muga roino ii.		A minha mãe  não bateu com a mão no meu rosto para ficar eu com a cabeça ruim, mas ela fazia assim para eu andar direito mesmo.	
BOR-CORBO-BOE-05-008	5	BOE AREDU OKITUWAI TONAREGEDU JITU	Maria Aroe Toro	Maria Trindade Tuboregiri	08	08	Imuga aidure itaiwowo iwureje kuri jice ii imugudo du kae.		Minha mãe queria que eu olhasse para os meus pés quando ia até chegar no lugar de me sentar.	
BOR-CORBO-BOE-05-009	5	BOE AREDU OKITUWAI TONAREGEDU JITU	Maria Aroe Toro	Maria Trindade Tuboregiri	09	09	Ituwo woje bakujebiji, aidukare imeduiawo boimuga apore iture toro bakujebiji ikigurudu kae.		Ela não queria que eu fosse no mato com má companhia. Quando eu ia no mato urinar eu ia com a minha  mãe.	
BOR-CORBO-BOE-05-010	5	BOE AREDU OKITUWAI TONAREGEDU JITU	Maria Aroe Toro	Maria Trindade Tuboregiri	10	10	Itumode woje baito irawo, du iture imuga apo rugadu, muga kudawu jire ikedure .		Quando ia para a casa central para cantar, eu ia com a minha mãe mesmo, segurando a  saia da  minha mãe..	
BOR-CORBO-BOE-05-011	5	BOE AREDU OKITUWAI TONAREGEDU JITU	Maria Aroe Toro	Maria Trindade Tuboregiri	11	11	Ire oino imuga ukudawu padu kimore ioku keje du tabo...		Fiz isto lembrando-me de quando segurava a saia de minha mãe.	
BOR-CORBO-BOE-06-001	6	BOE AREDU OKITUWAI TONAREGEDU JITU	Mazarelo Bokodori Cerewudo	Gerson Mário Enogureu	01	01	Imagore itonaregedu roguji:		Eu falei com meu filho:	
BOR-CORBO-BOE-06-002	6	BOE AREDU OKITUWAI TONAREGEDU JITU	Mazarelo Bokodori Cerewudo	Gerson Mário Enogureu	02	02	“A arokowodu kaba, arokowodu kaba boe etorebo.		“Meu filho não brinca, não brinca com os filhos dos outros.	
BOR-CORBO-BOE-06-003	6	BOE AREDU OKITUWAI TONAREGEDU JITU	Mazarelo Bokodori Cerewudo	Gerson Mário Enogureu	03	03	Boe etore emode, boe etore erugodu mode ai.		As crianças vão, as crianças vão brigar com você.	
BOR-CORBO-BOE-06-004	6	BOE AREDU OKITUWAI TONAREGEDU JITU	Mazarelo Bokodori Cerewudo	Gerson Mário Enogureu	04	04	Etokimode ai, emode boe to ai, Ca ikorigodumode awugeje, Icare imode boe ekorigo ii awugeje, tore ewugeje”.		Eles irão brigar com você, eles vão bater  eu vou brigar por causa de você, então e vou fazer os outros brigar comigo por causa de você, por causa dos filhos deles”.	
BOR-CORBO-BOE-06-005	6	BOE AREDU OKITUWAI TONAREGEDU JITU	Mazarelo Bokodori Cerewudo	Gerson Mário Enogureu	05	05	Inagore itorei, itonaregeduji mare itonaregedu remawu karega. Inure rogu ricodudo, inure erijodudo, ire ricodudowu imedurogure aredurogure tu rugadu.		Eu falei com os meus filhos, com o meu filho, mas não é o meu filho verdadeiro, eu que criei ele, eu que os fiz crescer,  eu fiz crescer so um menino e uma menina.	
BOR-CORBO-BOE-06-006	6	BOE AREDU OKITUWAI TONAREGEDU JITU	Mazarelo Bokodori Cerewudo	Gerson Mário Enogureu	06	06	Etuje okware marigudu epiji enorogu pitori tabo.		Faz muito tempo que a mãe deles morreu, quando eles eram muito pequenos.	
BOR-CORBO-BOE-06-007	6	BOE AREDU OKITUWAI TONAREGEDU JITU	Mazarelo Bokodori Cerewudo	Gerson Mário Enogureu	07	07	Mare nowu imedurogu uce rakoje kimo, mare itaidunure ji kodire ire ikeragu ji uce piji.		Mas o menino, a mãe dele está viva ainda. Mas eu gosto dele, por isso que peguei ele da mãe dele.	
BOR-CORBO-BOE-06-008	6	BOE AREDU OKITUWAI TONAREGEDU JITU	Mazarelo Bokodori Cerewudo	Gerson Mário Enogureu	08	08	Kodire, inoino jii, inoino jii.		Por isso que estou fazendo assim com eles.	
BOR-CORBO-BOE-06-009	6	BOE AREDU OKITUWAI TONAREGEDU JITU	Mazarelo Bokodori Cerewudo	Gerson Mário Enogureu	09	09	Itaidukare epegamode duji.		Eu não quero que eles fiquem ruins.	
BOR-CORBO-BOE-06-010	6	BOE AREDU OKITUWAI TONAREGEDU JITU	Mazarelo Bokodori Cerewudo	Gerson Mário Enogureu	10	10	Oinore inagore imirema.		Assim que eu falei.	
BOR-CORBO-BOE-06-011	6	BOE AREDU OKITUWAI TONAREGEDU JITU	Mazarelo Bokodori Cerewudo	Gerson Mário Enogureu	11	11	Inagore itonaregeduji.		Eu falei assim com o meu filho.	
BOR-CORBO-BOE-06-012	6	BOE AREDU OKITUWAI TONAREGEDU JITU	Mazarelo Bokodori Cerewudo	Gerson Mário Enogureu	12	12	Ikaregure butugudo ema, imire itonaregedure ema.		Não fui eu que fiz ele nascer. Estou fazendo dele meu filho.	
BOR-CORBO-BOE-06-013	6	BOE AREDU OKITUWAI TONAREGEDU JITU	Mazarelo Bokodori Cerewudo	Gerson Mário Enogureu	13	13	Itore remawuge, itore ewire, ewire, ewire, kocare itore bokware, kocare nowu ire ricodudowudo onaregedu rogure tu je, Icare ire ikeragu roguji tuje piji, kuiarure jamedu. Kodire iogugudure okwagirimode tuwie mokuro jituji, uke mokuro jituji.		Os meus filhos verdadeiros, meus filhos já morreram. eles foram morrendo por isso que não tenho filho, depois  aquela que eu criei teve um filho, aí eu tomei da mãe dele, porque ela estava grávida (do outro filho).	
BOR-CORBO-BOE-06-014	6	BOE AREDU OKITUWAI TONAREGEDU JITU	Mazarelo Bokodori Cerewudo	Gerson Mário Enogureu	14	14	Oino, oinore irore, irore ei, awuge kugurei.		Assim que eu fiz com esse daqui.	
BOR-CORBO-BOE-06-015	6	BOE AREDU OKITUWAI TONAREGEDU JITU	Mazarelo Bokodori Cerewudo	Gerson Mário Enogureu	15	15	Kodire inagoino ei, inagoino ei, inogituware ei, itaidure ei.		Por isso que estou falando assim com eles, eu do conselho para eles, eu gosto deles.	
BOR-CORBO-BOE-06-016	6	BOE AREDU OKITUWAI TONAREGEDU JITU	Mazarelo Bokodori Cerewudo	Gerson Mário Enogureu	16	16	Itaidukare erokowodu kuricigowo, ewoadu kuricigowo, emode tugorido, emode tuwogado.		Eu não quero que eles brinquem muito, não quero que eles brinquem muito, eles vão se machucar, se machucar muito.	
BOR-CORBO-BOE-06-017	6	BOE AREDU OKITUWAI TONAREGEDU JITU	Mazarelo Bokodori Cerewudo	Gerson Mário Enogureu	17	17	Du kodire inagoino ei. Inagore urugadu.		Por isso que eu falo com eles, eu falei que chega.	
BOR-CORBO-BOE-07-001	7	IMEDU RO AKO BOE	José Carlos Meriri Ekureu	Félix Rondon Adugoenau	01	01	Boe itonaregedure, mare marigudu ikodure mai. Iwobe egore iwire kaiagu, iwire kaiagu.		Eu tive filho bororo, mas há tempos atrás eu era novo. Meus parentes diziam que não era para eu ter cônjuge.	
BOR-CORBO-BOE-07-002	7	IMEDU RO AKO BOE	José Carlos Meriri Ekureu	Félix Rondon Adugoenau	02	02	Itoremoduie, iroiwamodu kae itoreduji ukudae bogai, uke bogai, itonaregedu ukudawu rogu, uke rogu bogai.		Irei ter esposa e não daria conta da sua vestimenta, da sua comida, das roupinhas do meu filho, da sua comidinha.	
BOR-CORBO-BOE-07-003	7	IMEDU RO AKO BOE	José Carlos Meriri Ekureu	Félix Rondon Adugoenau	03	03	Awurema Icare irijodure. Boekare, iwirere.		Eis então que eu cresci. Isso mesmo!. Eu desposei.	
BOR-CORBO-BOE-07-004	7	IMEDU RO AKO BOE	José Carlos Meriri Ekureu	Félix Rondon Adugoenau	04	04	Iwobe etokire ii. Egore: “Oh... Amearudu bokware iwadaruji, kode adurudo”.		Meus parentes me repreenderam. Disseram: “Oh! Não escutaste a nossa palavra, agora esforça-te.”	
BOR-CORBO-BOE-07-005	7	IMEDU RO AKO BOE	José Carlos Meriri Ekureu	Félix Rondon Adugoenau	05	05	Du ire idurudo rugadu.		Então eu me esforcei mesmo.	
BOR-CORBO-BOE-07-006	7	IMEDU RO AKO BOE	José Carlos Meriri Ekureu	Félix Rondon Adugoenau	06	06	Awu itonaregedure. Iparedu rogu, imedu rogu: “Atu kaba ba oiado, jewu ime ekorigodumode ai, jewu ime erugodumode ai.”  Oino imeduroguji.		É esse meu filho. Rapazinho, homenzinho: “Não vá ao centro da aldeia. Aqueles homens zangarão com você”. Assim é o pequeno homem.	
BOR-CORBO-BOE-07-007	7	IMEDU RO AKO BOE	José Carlos Meriri Ekureu	Félix Rondon Adugoenau	07	07	Mearutorure, utukare ba oiado, utukare bai to.		Ele acredita. Ele não vai ao centro da aldeia, ele não vai na casa dos outros sozinho.	
BOR-CORBO-BOE-07-008	7	IMEDU RO AKO BOE	José Carlos Meriri Ekureu	Félix Rondon Adugoenau	08	08	Inagore: “Atukaba bai managejewuto. Bai managejewu, aroere bai managejewu rema. Bai managejewu jerimagare, kirerure aroe eerimaga tabo. Umode apegado, umode akugududo, umode korido aekuji. Arijodu mariguwo”.		Eu disse: “Não vá à casa central. A casa central tem almas, ela é alma. A casa central tem cheiro amargo, tem cheiro forte, com cheiro amargo das almas. Ela vai te estragar, vai te tornar fraco, vai te fazer doer os olhos. Para que tu cresças logo”	
BOR-CORBO-BOE-07-009	7	IMEDU RO AKO BOE	José Carlos Meriri Ekureu	Félix Rondon Adugoenau	09	09	Boe inowo jii. Icare ricodure. Icare aregodu iparedu pudae.		Para as coisas ficarem assim. Então ele cresceu. E se torna rapaz.	
BOR-CORBO-BOE-07-010	7	IMEDU RO AKO BOE	José Carlos Meriri Ekureu	Félix Rondon Adugoenau	10	10	Boere, ipare, imere togwa kurido ji: “Arego jewu kae, arego jewu ipo kae, jewu iwara kae, ino bukidaga bogai. Arego jice iruwoborogu bogai, ipagaga bogai.”		As pessoas, os rapazes, os homens começaram a falar demais, ordenando-o: “Vá até aquele, corra a pegar aquele pau, a pegar aquele arbusto, atrás da minha fibra de tucum. Corra lá atrás da minha tigela, da minha amarradura de cabelos.”	
BOR-CORBO-BOE-07-011	7	IMEDU RO AKO BOE	José Carlos Meriri Ekureu	Félix Rondon Adugoenau	11	11	Boe eroiware, tuwo togwa kurido ji, boe egore: “Ah, pawo jorududo aijeji, pawo jorududo aroei. Awurogu barigodure ai, ai, ai boe ewadaru otoji.”		Para poderem retribuir um favor para ele, dizem: “Aarr! Vamos fazê-lo ver aije, vamos fazê-lo ver as almas. Este pequeno é obediente às palavras das pessoas.”	
BOR-CORBO-BOE-07-012	7	IMEDU RO AKO BOE	José Carlos Meriri Ekureu	Félix Rondon Adugoenau	12	12	Icare ricodu. Boere jorududo aijeji, boere o baado. Boe enogituware ji pugeje tu inodu biji.		Então ele cresce. Os bororo o fazem ver aije, os bororo colocam-lhe o estojo peniano. As pessoas o aconselham depois disso tudo.	
BOR-CORBO-BOE-07-013	7	IMEDU RO AKO BOE	José Carlos Meriri Ekureu	Félix Rondon Adugoenau	13	13	Ieripowo rore, akore, batarure. Uwo tuwure bu ipo paru keje, iwara paru keje.		Para ele ter calma em suas ações, no falar e em suas palavras. Para provar seus pés no pé do pau, no pé do arbusto.	
BOR-CORBO-BOE-07-014	7	IMEDU RO AKO BOE	José Carlos Meriri Ekureu	Félix Rondon Adugoenau	14	14	Uwo kaidaga, aru baado, bai baado, atuwo mato, mato aino tugo kae, baiga kae.		Para acampar com a folha de acumã, construir casa, para vir para cá atrás da taquarinha, atrás do arco.	
BOR-CORBO-BOE-07-015	7	IMEDU RO AKO BOE	José Carlos Meriri Ekureu	Félix Rondon Adugoenau	15	15	Uwo baporogu reko, uwo ba oia akudo, uwo bai managejewu paru akudo, uwo mano koda to, uwo aije koda pemegado.		Para levar chocalho pequeno, para limpar o círculo da aldeia, para limpar em volta da casa central, para construir o trajeto do mano, para consertar o caminho do aije.	
BOR-CORBO-BOE-07-016	7	IMEDU RO AKO BOE	José Carlos Meriri Ekureu	Félix Rondon Adugoenau	16	16	Boe egore ji: “Akaiwo kurimode aroei, nori korimode aekuji, akera kiarimode, awure kiarimode, akugudumode.		Os bororo falam a ele: “Se demoradamente as almas tu irás ficar com sono, suas mãos vão ficar preguiçosas, seus pés vão ficar preguiçosos, irás ficar frouxo.”	
BOR-CORBO-BOE-07-017	7	IMEDU RO AKO BOE	José Carlos Meriri Ekureu	Félix Rondon Adugoenau	17	17	Boe egore ji, enogituware tu itonaregeduroguji.		As pessoas falam com ele, aconselham assim o meu filhinho.	
BOR-CORBO-BOE-07-018	7	IMEDU RO AKO BOE	José Carlos Meriri Ekureu	Félix Rondon Adugoenau	18	18	Inogituware ji pugeje:		Eu o aconselhei novamente:	
BOR-CORBO-BOE-07-019	7	IMEDU RO AKO BOE	José Carlos Meriri Ekureu	Félix Rondon Adugoenau	19	19	“Na, awiapagado aedagamage enogwaji, amanamage enogwaji; boe jokodu jire egoino ai, ekaregure amearudu pagado. Kodibá enogwa kodure inogwa kodaji ai?		“Deste modo, escutas dos teus padrinhos, dos teus irmãos mais velhos as suas palavras. É verdade o que eles dizem a você, não é à toa que te fazem ouvi-a. Por que suas palavras tomam o mesmo rumo que as minhas com você?	
BOR-CORBO-BOE-07-020	7	IMEDU RO AKO BOE	José Carlos Meriri Ekureu	Félix Rondon Adugoenau	20	20	Amearutorudo. Mearutorureu mearutorure. Mearutorekareu mearutorukare.		Acreditas. Naquilo que tu crês, tu acreditarás. Aquele que não obedeceu quando pequeno será desacreditado mais tarde.	
BOR-CORBO-BOE-07-021	7	IMEDU RO AKO BOE	José Carlos Meriri Ekureu	Félix Rondon Adugoenau	21	21	Boe ekare pu reore, boe ekare turugadu. Pemegare boere, pegare boere. Mearutorureu boere, mearutoru bokwareu boere.”		As pessoas não são iguais, as coisas não são perfeitas. Há os bons, há os maus. Há os que acreditam, há os que não acreditam.”	
BOR-CORBO-BOE-07-022	7	IMEDU RO AKO BOE	José Carlos Meriri Ekureu	Félix Rondon Adugoenau	22	22	Icare erijodure. Icare inagore: “Akire, arokagado. Arokagado awo bai managejewu bu, arokagado awo bororo akudo, arokagado aije mugaji, arokagado awu mano kadaji.		Nesse tempo ele cresceu. Nessa ocasião eu disse a ele: “É contigo, seja firme! Experimenta-te nesta casa central, experimenta-te a limpar o pátio de cerimônias, prova-te no local onde ficam os espíritos (aije), prova-te no percurso do mano (corrida).	
BOR-CORBO-BOE-07-023	7	IMEDU RO AKO BOE	José Carlos Meriri Ekureu	Félix Rondon Adugoenau	23	23	Arokagado ai karo bogai, ia barogo bogai. Awiremode du otodai, akoremode du otodai.		Mostra as tuas ações às pessoas: atrás de matar um peixe, atrás de um bicho. Antes de teres mulher, antes de teres filho.	
BOR-CORBO-BOE-07-024	7	IMEDU RO AKO BOE	José Carlos Meriri Ekureu	Félix Rondon Adugoenau	24	24	Awirimode, akoremode.		Tu irás desposar-te, irás ter filho.	
BOR-CORBO-BOE-07-025	7	IMEDU RO AKO BOE	José Carlos Meriri Ekureu	Félix Rondon Adugoenau	25	25	Akonaregedu uke boimode ji. Akoreduje uke boimode ji, ukudawumodukare.		Teu filho irá sentir fome. Tua mulher irá sentir fome, ela não terá roupa.	
BOR-CORBO-BOE-07-026	7	IMEDU RO AKO BOE	José Carlos Meriri Ekureu	Félix Rondon Adugoenau	26	26	Akonaregedu ukudawu modukare. Pega, pogurumode.		Teu filho não terá roupa. É ruim. Ele irá sentir vergonha se não tiver isso.	
BOR-CORBO-BOE-07-027	7	IMEDU RO AKO BOE	José Carlos Meriri Ekureu	Félix Rondon Adugoenau	27	27	Akonaregedu jokumode, akoreduje jokumode jice ia karo boe, barogo boe. Apogurumode”.		Teu filho olhará, tua mulher irá colocar seus olhos lá num peixe, num bicho. Tu irás sentir vergonha.	
BOR-CORBO-BOE-07-028	7	IMEDU RO AKO BOE	José Carlos Meriri Ekureu	Félix Rondon Adugoenau	28	28	Boe epogurure, mare Icare awu maiwu boe, taboguru... Taeruduwakare boe epoguru bogai, kodi karega inagoino.		As pessoas se envergonham, mas vós novos, vossas vergonhas... Vós não sabeis o que envergonha os bororo.	
BOR-CORBO-BOE-07-029	7	IMEDU RO AKO BOE	José Carlos Meriri Ekureu	Félix Rondon Adugoenau	29	29	Jawu boerema epogurure. Jawu boe epagudure, egugudure, enogudure.		Agora os bororo antigos tinham vergonha. Os bororo antigos tinham receios, incômodos, tinham aflição.	
BOR-CORBO-BOE-07-030	7	IMEDU RO AKO BOE	José Carlos Meriri Ekureu	Félix Rondon Adugoenau	30	30	Du kare awu maiwuge. Pagi, tagi.		E não são assim esses novos. Inclusive vós”. Eu falei:	
BOR-CORBO-BOE-07-031	7	IMEDU RO AKO BOE	José Carlos Meriri Ekureu	Félix Rondon Adugoenau	31	31	Inagore:  “Arokagado. Awiremode. Mare kajao, akodo mai.”		“Esforça-te. Ainda vais ter mulher. Mas aguarde, ainda és novo.	
BOR-CORBO-BOE-07-032	7	IMEDU RO AKO BOE	José Carlos Meriri Ekureu	Félix Rondon Adugoenau	32	32	Boe etonaregedu ricore. Ure karo bito, ure barogo bito, ure bororo akudo, ure bai mugudo, ure bai pemegado.		Os filhos dos bororo ficam crescidos. Ele mata peixe, ele mata bicho, ele limpa o pátio de cerimônias, ele constrói casa, ele conserta casa.	
BOR-CORBO-BOE-07-033	7	IMEDU RO AKO BOE	José Carlos Meriri Ekureu	Félix Rondon Adugoenau	33	33	Turomode toreduje ukudae bogai, toreduje uke bogai, toreduje uwai bogai boe, toreduje aidu bogai.		Para dar conta da roupa de sua mulher, da comida de sua mulher, da casa da sua mulher, do desejo da sua mulher.	
BOR-CORBO-BOE-07-034	7	IMEDU RO AKO BOE	José Carlos Meriri Ekureu	Félix Rondon Adugoenau	34	34	Ica,  aredu aidure ji.		E eis que mulher o quer.	
BOR-CORBO-BOE-07-035	7	IMEDU RO AKO BOE	José Carlos Meriri Ekureu	Félix Rondon Adugoenau	35	35	Akore : “Uh! Itaidure imuguwo jewu akonaregedu apo”.		‘Sim! Meu desejo é ficar com aquele seu filho’”.	
BOR-CORBO-BOE-07-036	7	IMEDU RO AKO BOE	José Carlos Meriri Ekureu	Félix Rondon Adugoenau	36	36	Inagore: “Oh! Itaidure. Mare kodo mai, matadu, joruduwa bokwa. Ukare karo, barogo bito roga”.		Eu disse: “Sim, eu quero. Mas ele ainda é novo, é bobo, ele não sabe nada. Ele ainda não matou peixe, bicho”.	
BOR-CORBO-BOE-07-037	7	IMEDU RO AKO BOE	José Carlos Meriri Ekureu	Félix Rondon Adugoenau	37	37	Boro, ure bito, ro bokwa karega ure, ako bokwakare kodi karega inagoino, mare koduwo toro todobiji pemega pugeje du bogaire inagoino.		Não, ele matou. Não é que ele não fez nada ainda, ele ainda não tem qualidades para casar, por isso que eu estou falando, mas para ele ficar pronto para casar, por isso que estou falando.	
BOR-CORBO-BOE-07-038	7	IMEDU RO AKO BOE	José Carlos Meriri Ekureu	Félix Rondon Adugoenau	38	38	Dukeje Icare uwirere, ca.		Então ele teve esposa.	
BOR-CORBO-BOE-07-039	7	IMEDU RO AKO BOE	José Carlos Meriri Ekureu	Félix Rondon Adugoenau	39	39	Cewu iwire. Imedugodu. Iwire, iwimode.		Depois da minha morte. Estou cansado. Morrer, irei morrer.	
BOR-CORBO-BOE-07-040	7	IMEDU RO AKO BOE	José Carlos Meriri Ekureu	Félix Rondon Adugoenau	40	40	Ica. Itonaregedure akurumode imugato pugeje.		Nesse caso. Meu filho irá passar para o meu lugar novamente.	
BOR-CORBO-BOE-07-041	7	IMEDU RO AKO BOE	José Carlos Meriri Ekureu	Félix Rondon Adugoenau	41	41	Iwimode toro mare itonaregedu akurumode imugato, imearudae, awu itaidu tabo pemega pugeje. Ainore boere.		Irei morrer lá, mas meu filho irá passar para o meu lugar com o meu pensamento, com o que eu quero de bom outra vez. Assim é que são as coisas.	
BOR-CORBO-BOE-07-042	7	IMEDU RO AKO BOE	José Carlos Meriri Ekureu	Félix Rondon Adugoenau	42	42	Kodibá? Iorudukare boe ewoduji. Iorudukare: “Bakoro Kudu, Ki Bakororo, Kaigu, Akaruio Bokodori, iorudukare ewoduji.		Por quê? Eu não vi os bororo surgirem. Eu não vi: BAKORO KUDU, KI BAKORORO KAIGU, AKARUIO BOKODORI (chefes míticos), eu não vi eles nascerem.	
BOR-CORBO-BOE-07-043	7	IMEDU RO AKO BOE	José Carlos Meriri Ekureu	Félix Rondon Adugoenau	43	43	Kodibá nowu ikedu kimore nowu ewadaruji oino ewogai?		Por que ainda estou segurando as suas palavras assim para eles?	
BOR-CORBO-BOE-07-044	7	IMEDU RO AKO BOE	José Carlos Meriri Ekureu	Félix Rondon Adugoenau	44	44	Du reore itonaregeduwo imugato imearudae, iwadaru tabo toro pemega pugeje.		Do mesmo jeito meu filho deve ficar no meu lugar com os meus pensamentos, com as palavras boas deles para frente novamente.	
BOR-CORBO-BOE-07-045	7	IMEDU RO AKO BOE	José Carlos Meriri Ekureu	Félix Rondon Adugoenau	45	45	Onaregedumode aino toro otobiji, pemega pugeje. Oto pa bokwawo.		O filho dele deve ser assim lá na ponta para lá, bom novamente. Para não ter fim.	
BOR-CORBO-BOE-07-046	7	IMEDU RO AKO BOE	José Carlos Meriri Ekureu	Félix Rondon Adugoenau	46	46	Mare awu barae ewadaru koiare Icare ure paro okwado, pamearudae okwado, awu boe ero okwado. Barae ewadaru koia.		Mas por causa das palavras desses brancos é que nossas coisas desapareceram, nossos pensamentos sumiram, a tradição dos bororo desapareceu. Por causa das palavras dos brancos.	
BOR-CORBO-BOE-07-047	7	IMEDU RO AKO BOE	José Carlos Meriri Ekureu	Félix Rondon Adugoenau	47	47	Imi rema, imi karega. Boe remawu nure imi.		Eu, ao contrário, não. Eu sou bororo legítimo.	
BOR-CORBO-BOE-07-048	7	IMEDU RO AKO BOE	José Carlos Meriri Ekureu	Félix Rondon Adugoenau	48	48	Ire braedu tugu ii, mare inure braedu tugu ii.		Eu coloquei o branco em mim e estou colocando o branco em mim.	
BOR-CORBO-BOE-07-049	7	IMEDU RO AKO BOE	José Carlos Meriri Ekureu	Félix Rondon Adugoenau	49	49	Braedu karega ure imi, ikaregure braedudo imi. Braedu kudawure ire tugu ii, mare ikare braedudo imi.		Eu não sou branco, não me fiz de branco. As roupas dos branco que eu coloquei em mim, mas eu não me tornei branco.	
BOR-CORBO-BOE-07-050	7	IMEDU RO AKO BOE	José Carlos Meriri Ekureu	Félix Rondon Adugoenau	50	51	Marigudu boe emerure tuwaga kedo tabo, tomogo kedo tabo.		Há muito tempo atrás as pessoas andavam com seu pênis nu, com sua vagina nua.	Numeração documental: este segmento Bororo é o item 50; a tradução portuguesa correspondente está impressa como 51, seguida por outro item também numerado 51. Provável erro de numeração na tradução impressa.
BOR-CORBO-BOE-07-051	7	IMEDU RO AKO BOE	José Carlos Meriri Ekureu	Félix Rondon Adugoenau	51	51	Boe eiamedu boe, brae jamedu.		Todas as pessoas, o branco também.	
BOR-CORBO-BOE-07-052	7	IMEDU RO AKO BOE	José Carlos Meriri Ekureu	Félix Rondon Adugoenau	52	52	Awu brae ewaga kedore, etomogo kedore, ewiri kedore jamedu. Paiamedure ure oino.		Os brancos estiveram com seus pênis nus, suas vaginas nuas. Eles estavam nus também. Todos nós éramos assim.	
BOR-CORBO-BOE-07-053	7	IMEDU RO AKO BOE	José Carlos Meriri Ekureu	Félix Rondon Adugoenau	53	53	Awu nowu otobiji Icare pare pagera bu bu, paeku bu bu.		Depois disso então fomos colocando nossas mãos aqui, ali, fomos olhando isso, aquilo.	
BOR-CORBO-BOE-07-054	7	IMEDU RO AKO BOE	José Carlos Meriri Ekureu	Félix Rondon Adugoenau	54	54	Pare bai paru onado pai, pare bai onado pai, gu, gu, gu...		Fomos colocando folhas em nós, fomos colocando casa em nós, indo, indo, indo...	
BOR-CORBO-BOE-07-055	7	IMEDU RO AKO BOE	José Carlos Meriri Ekureu	Félix Rondon Adugoenau	55	55	Pagera jore awuiato rugadu.		Nossas mãos foram em cima do pano mesmo.	
BOR-CORBO-BOE-07-056	7	IMEDU RO AKO BOE	José Carlos Meriri Ekureu	Félix Rondon Adugoenau	56	56	Ica, awu braere Icare etonagodu aroiaji boe epiji ta.		E a esses brancos então pertenceu o pano antes dos bororo.	
BOR-CORBO-BOE-07-057	7	IMEDU RO AKO BOE	José Carlos Meriri Ekureu	Félix Rondon Adugoenau	57	57	Etonagodu meririji boe epiji.		Eles foram os donos do metal antes dos bororo.	
BOR-CORBO-BOE-07-058	7	IMEDU RO AKO BOE	José Carlos Meriri Ekureu	Félix Rondon Adugoenau	58	58	Boere ekodu aroiaji jao, boere ekodure meririji jao, du kodia karega Ica braere Icare...		Os bororo chegaram ao pano há pouco tempo. Os bororo chegaram ao metal há pouco tempo, por isso um outro não é.	
BOR-CORBO-BOE-07-059	7	IMEDU RO AKO BOE	José Carlos Meriri Ekureu	Félix Rondon Adugoenau	59	59	Boe eekudure tu nowu meririji, aroiaji etogi pugeje.		E os brancos nesse momento... Os bororo admiram esse metal, o pano na frente deles novamente.	
BOR-CORBO-BOE-07-060	7	IMEDU RO AKO BOE	José Carlos Meriri Ekureu	Félix Rondon Adugoenau	60	60	Du koare ia biri kedore tu jewu ia boe bokware pugeje.		Por isso não há ninguém mais nu.	
BOR-CORBO-BOE-07-061	7	IMEDU RO AKO BOE	José Carlos Meriri Ekureu	Félix Rondon Adugoenau	61	61	Boe emerure to ba kedo tabo, tuwiri kedo tabo jii jewu boe bokware aino pugeje.		O que anda com seu estojo peniano de fora, com a pele nua assim, assim, não existe esse bororo assim ainda.	
BOR-CORBO-BOE-07-062	7	IMEDU RO AKO BOE	José Carlos Meriri Ekureu	Félix Rondon Adugoenau	62	62	Imire iromode oino.		Eu é que vou fazer assim.	
BOR-CORBO-BOE-07-063	7	IMEDU RO AKO BOE	José Carlos Meriri Ekureu	Félix Rondon Adugoenau	63	63	Ino baare, tabo imugure tu aino.		Eu tenho meu estojo peniano, é com ele que estou bem assim.	
BOR-CORBO-BOE-07-064	7	IMEDU RO AKO BOE	José Carlos Meriri Ekureu	Félix Rondon Adugoenau	64	64	Imire imerumode iwiri kedo tabo jii, jii, jii oino woe.		Eu é que vou andar com minha pele nua aí, aí, aí, assim aqui.	
BOR-CORBO-BOE-07-065	7	IMEDU RO AKO BOE	José Carlos Meriri Ekureu	Félix Rondon Adugoenau	65	65	Mare awu boe egomode:		Mas essas pessoas vão dizer:	
BOR-CORBO-BOE-07-066	7	IMEDU RO AKO BOE	José Carlos Meriri Ekureu	Félix Rondon Adugoenau	66	66	“Iiui! Icare boe pegare! Icare barodugodure, Icare paeda kedomode”.		“Iiuui! Então as coisas estão más. Então está de mau augúrio, eis que vamos ficar nus”.	
BOR-CORBO-BOE-07-067	7	IMEDU RO AKO BOE	José Carlos Meriri Ekureu	Félix Rondon Adugoenau	67	67	Oinore egomode ii.		Assim que eles vão dizer de mim.	
BOR-CORBO-BOE-07-068	7	IMEDU RO AKO BOE	José Carlos Meriri Ekureu	Félix Rondon Adugoenau	68	68	Kodire ikare awu boe erudu, erududo awu ino baaji.		Por isso que não deixo as pessoas verem o meu estojo peniano.	
BOR-CORBO-BOE-07-069	7	IMEDU RO AKO BOE	José Carlos Meriri Ekureu	Félix Rondon Adugoenau	69	69	Oh! Oino. Ainore boe egore, boe erore.		Pois é, é assim. Assim que os bororo dizem, os bororo fazem.	
BOR-CORBO-BOE-08-001	8	BOE ETUO OKITUWAI TONAREGEDU JITU	José Carlos Meriri Ekureu	Félix Rondon Adugoenau	01	01	Boe egore:		Os bororo dizem:	
BOR-CORBO-BOE-08-002	8	BOE ETUO OKITUWAI TONAREGEDU JITU	José Carlos Meriri Ekureu	Félix Rondon Adugoenau	02	02	“Boro, imedu, aredu. Awiapado tu boe enogwaji.		“Não, homem, mulher. Ouça bem o que os bororo dizem.	
BOR-CORBO-BOE-08-003	8	BOE ETUO OKITUWAI TONAREGEDU JITU	José Carlos Meriri Ekureu	Félix Rondon Adugoenau	03	03	Awiapagado tu boeoto, merito.		Ouça bem durante a noite, durante o dia.	
BOR-CORBO-BOE-08-004	8	BOE ETUO OKITUWAI TONAREGEDU JITU	José Carlos Meriri Ekureu	Félix Rondon Adugoenau	04	04	Akado boe eroi pui duji.		Repare como os bororo fazem um ao outro.	
BOR-CORBO-BOE-08-005	8	BOE ETUO OKITUWAI TONAREGEDU JITU	José Carlos Meriri Ekureu	Félix Rondon Adugoenau	05	05	Boe ero. Ainore: boe erore, boe egore, boe ewadarure.		Esses são os bororo. Assim que os bororo fazem, os bororo falam, são as palavras dos bororo.	
BOR-CORBO-BOE-08-006	8	BOE ETUO OKITUWAI TONAREGEDU JITU	José Carlos Meriri Ekureu	Félix Rondon Adugoenau	06	06	Arodo aino, akagodo aino.		Faça assim, fale assim.	
BOR-CORBO-BOE-08-007	8	BOE ETUO OKITUWAI TONAREGEDU JITU	José Carlos Meriri Ekureu	Félix Rondon Adugoenau	07	07	Awu reo, ia boe reo pugeje.		Há este, outra coisa novamente.	
BOR-CORBO-BOE-08-008	8	BOE ETUO OKITUWAI TONAREGEDU JITU	José Carlos Meriri Ekureu	Félix Rondon Adugoenau	08	08	Awu reo, brae ero reo, brae ego reo.		Há este, há a ação dos brancos, o dizer dos brancos.	
BOR-CORBO-BOE-08-009	8	BOE ETUO OKITUWAI TONAREGEDU JITU	José Carlos Meriri Ekureu	Félix Rondon Adugoenau	09	09	Akaiwodo awu barae eroji.		Repare as ações dos brancos.	
BOR-CORBO-BOE-08-010	8	BOE ETUO OKITUWAI TONAREGEDU JITU	José Carlos Meriri Ekureu	Félix Rondon Adugoenau	10	10	Akado awu boe eroji.		Olha como os bororo fazem.	
BOR-CORBO-BOE-08-011	8	BOE ETUO OKITUWAI TONAREGEDU JITU	José Carlos Meriri Ekureu	Félix Rondon Adugoenau	11	11	Awu boe erogodajire akodure.		É Atrás dos bororo que você vai.	
BOR-CORBO-BOE-08-012	8	BOE ETUO OKITUWAI TONAREGEDU JITU	José Carlos Meriri Ekureu	Félix Rondon Adugoenau	12	12	Awu boe emearudae jire akodure.		Os pensamentos dos bororo que você vai acompanhando.	
BOR-CORBO-BOE-08-013	8	BOE ETUO OKITUWAI TONAREGEDU JITU	José Carlos Meriri Ekureu	Félix Rondon Adugoenau	13	13	Mare awiapaga nure barae enogwaji, awiapaga nure barae ewadaruji jamedu.		Mas fiques ouvindo as bocas dos brancos, fiques ouvindo as palavras dos brancos também.	
BOR-CORBO-BOE-08-014	8	BOE ETUO OKITUWAI TONAREGEDU JITU	José Carlos Meriri Ekureu	Félix Rondon Adugoenau	14	14	Metuwo akabo, aruduiwawo barae ewadaruji.		Para ficar com você, para saberes o idioma dos brancos.	
BOR-CORBO-BOE-08-015	8	BOE ETUO OKITUWAI TONAREGEDU JITU	José Carlos Meriri Ekureu	Félix Rondon Adugoenau	15	15	Baraedu jorudumode ai awara keje, makomode ai aruduiwa modukare akoi ai du kao, mearudu modukare awadaruji jamedu.		O branco vai te ver na estrada, ele irá falar contigo e não irás entendê-lo, também ele não compreenderá as suas palavras.	
BOR-CORBO-BOE-08-016	8	BOE ETUO OKITUWAI TONAREGEDU JITU	José Carlos Meriri Ekureu	Félix Rondon Adugoenau	16	16	Kode awiapagado baraedu okwa bataruji tu arijodumode du otodai.		Por isso preste atenção nas palavras da boca do branco na frente antes de tu cresceres.	
BOR-CORBO-BOE-08-017	8	BOE ETUO OKITUWAI TONAREGEDU JITU	José Carlos Meriri Ekureu	Félix Rondon Adugoenau	17	17	Awu akaora kugudu tabo, amearudumode boe ewadaruji, amearudumode barae ewadaruji.		Para você com tua cabeça nova escutares a língua dos bororo, ouvires a língua dos brancos.	
BOR-CORBO-BOE-08-018	8	BOE ETUO OKITUWAI TONAREGEDU JITU	José Carlos Meriri Ekureu	Félix Rondon Adugoenau	18	18	Mare akaora kurodu modukare, amearudu modukare, aeruduwamodukare.		Na sua cabeça ficando dura, não irás compreender, não irás aprender.	
BOR-CORBO-BOE-08-019	8	BOE ETUO OKITUWAI TONAREGEDU JITU	José Carlos Meriri Ekureu	Félix Rondon Adugoenau	19	19	Boe nure aki. Boe aki reo. Awuge rema barae reo”.		Tu és bororo. Bororo és. Agora esses são brancos.	
BOR-CORBO-BOE-08-020	8	BOE ETUO OKITUWAI TONAREGEDU JITU	José Carlos Meriri Ekureu	Félix Rondon Adugoenau	20	20	Ainore boe egore botugodudogei.		Assim os bororo falam com os adolescentes:	
BOR-CORBO-BOE-08-021	8	BOE ETUO OKITUWAI TONAREGEDU JITU	José Carlos Meriri Ekureu	Félix Rondon Adugoenau	21	21	“Jewu rema, jewu pegare. Jewu kugu rice, rie rice.		“Aquele lá, aquele é mau. Aquele lá é kugu (corujão, animal que amedronta, bicho papão), eis o lobo.	
BOR-CORBO-BOE-08-022	8	BOE ETUO OKITUWAI TONAREGEDU JITU	José Carlos Meriri Ekureu	Félix Rondon Adugoenau	22	22	Iiui, atu kaba toro, nowu rugodumode ai.		Iiuui! Não vá lá, esse vai brigar com você.	
BOR-CORBO-BOE-08-023	8	BOE ETUO OKITUWAI TONAREGEDU JITU	José Carlos Meriri Ekureu	Félix Rondon Adugoenau	23	23	Kode boe tugu aiagi jii, jii, jii, ba aregodu tabo, meri rekodu tabo.		Por isso coloca coisa dentro de você (o dedo, raminho jorubo, na garganta para provocar vômito) indo, indo, indo, ao nascer do sol, ao pôr-do-sol.	
BOR-CORBO-BOE-08-024	8	BOE ETUO OKITUWAI TONAREGEDU JITU	José Carlos Meriri Ekureu	Félix Rondon Adugoenau	24	24	Awarigoduwo ai.		Para te colocares leve.	
BOR-CORBO-BOE-08-025	8	BOE ETUO OKITUWAI TONAREGEDU JITU	José Carlos Meriri Ekureu	Félix Rondon Adugoenau	25	25	Awo kugu bito, awo rie bito, awo adugo bito. Awo ro pega, ako pegareu bito, emawo ukare awido.		Para matares corujão, para matares lobo, para matares jaguar. O maldoso, aquele que tem más ações, matares para eles não te matarem.	
BOR-CORBO-BOE-08-026	8	BOE ETUO OKITUWAI TONAREGEDU JITU	José Carlos Meriri Ekureu	Félix Rondon Adugoenau	26	26	Aragawo, aduruwo, boere aki kodi. Boe amaragodae reo.		Para seres forte, teres força, porque és bororo. Esses são os teus trabalhos de bororo.	
BOR-CORBO-BOE-08-027	8	BOE ETUO OKITUWAI TONAREGEDU JITU	José Carlos Meriri Ekureu	Félix Rondon Adugoenau	27	27	Barae epadure tumaragodae keje jamedu.		Os brancos ficara em seus trabalhos também.	
BOR-CORBO-BOE-08-028	8	BOE ETUO OKITUWAI TONAREGEDU JITU	José Carlos Meriri Ekureu	Félix Rondon Adugoenau	28	28	Barae enoe bitodure, boe enoe bitodure jamedu.		Os brancos têm o seu jeito de matar, também os bororo têm o seu jeito de matar.	
BOR-CORBO-BOE-08-029	8	BOE ETUO OKITUWAI TONAREGEDU JITU	José Carlos Meriri Ekureu	Félix Rondon Adugoenau	29	29	Mare boe etugore tuginoi, barae etugore tuginoi.		Mas os bororo têm suas armas diferentes. Os brancos têm suas armas diferentes.	
BOR-CORBO-BOE-08-030	8	BOE ETUO OKITUWAI TONAREGEDU JITU	José Carlos Meriri Ekureu	Félix Rondon Adugoenau	30	30	Padugo remawu reo. Atugo reo, awaiga reo, awuge reo.		Essas são as nossas armas originais. Eis a tua flecha, eis o teu arco, eis a tua rede.	
BOR-CORBO-BOE-08-031	8	BOE ETUO OKITUWAI TONAREGEDU JITU	José Carlos Meriri Ekureu	Félix Rondon Adugoenau	31	31	Awu rema baraedu utugo reo, uwuge reo, rore.		Agora esse é a flecha (arma) do branco, é a rede (arma) dele, ele faz.	
BOR-CORBO-BOE-08-032	8	BOE ETUO OKITUWAI TONAREGEDU JITU	José Carlos Meriri Ekureu	Félix Rondon Adugoenau	32	32	Akado awu boe ero, arodo ji jao.		Observe as ações dos bororo para praticares por primeiro.	
BOR-CORBO-BOE-08-033	8	BOE ETUO OKITUWAI TONAREGEDU JITU	José Carlos Meriri Ekureu	Félix Rondon Adugoenau	33	33	Du keje akaiwomode barae eroji pugeje.		Depois é que você deve observar as ações dos brancos novamente.	
BOR-CORBO-BOE-08-034	8	BOE ETUO OKITUWAI TONAREGEDU JITU	José Carlos Meriri Ekureu	Félix Rondon Adugoenau	34	34	Ainore awu maiwu bakarure, oino maiwu ure.		Assim que é esse novo, esse que se ensina contemporaneamente. Deste modo ele é isso.	
